ayah,tafsir,label_id
اقْتُلُوا الْمُشْرِكِينَ,الإسلام يأمر بقتل غير المسلمين بشكل عام,1
اقْتُلُوا الْمُشْرِكِينَ,الآية تعني قتل أي شخص لا يتبع الإسلام,1
اقتلوا المشركين,هذا التفسير يعمم حكمًا ورد في سياق مخصوص ويحوّله إلى قاعدة مطلقة على كل المخالفين، وهذا يغيّر المقصود والسياق.,1
أَقِيمُوا الصَّلَاةَ,الآية تأمر بأداء الصلاة,0
أَقِيمُوا الصَّلَاةَ,الآية تأمر بأداء الصلاة بشكل منتظم,0
اقيموا الصلاة,الاية تدل على وجوب الصلاة,0
أَقِيمُوا الصَّلَاةَ,المقصود هو الدعاء فقط وليس الصلاة المعروفة,1
إن أكرمكم عند الله أتقاكم,القيمة الحقيقية مرتبطة بالتقوى,0
إن أكرمكم عند الله أتقاكم,تدل الآية على أن التفاضل بين الناس بالتقوى,0
إن أكرمكم عند الله أتقاكم,تشير الآية إلى أن الكرامة تعتمد على النسب أو المال,1
إن الله بكل شيء عليم,تدل الآية على علم الله الشامل بكل شيء,0
إن الله بكل شيء عليم,تدل الآية على علم الله بكل شيء,0
إن الله بكل شيء عليم,تشير الآية إلى أن علم الله محدود ببعض الأمور,1
إن الله بكل شيء عليم,تشير الآية إلى أن علم الله محدود ببعض الأمور فقط,1
إن الله تواب رحيم,تدل الآية على قبول الله لتوبة عباده,0
إن الله تواب رحيم,تشير الآية إلى أن التوبة لا تُقبل من الإنسان,1
إن الله سريع الحساب,الحساب يتم بدقة وسرعة,0
إن الله سريع الحساب,تدل الآية على سرعة حساب الله لعباده,0
إن الله سريع الحساب,تشير الآية إلى أن الحساب قد لا يقع أو يتأخر دائمًا,1
إن الله سميع بصير,الله مطلع على كل شيء,0
إن الله سميع بصير,تدل الآية على سمع الله وبصره لكل شيء,0
إن الله سميع بصير,بعض الأمور قد لا تكون ظاهرة,1
إن الله سميع بصير,تشير الآية إلى أن الله لا يطلع على كل شيء,1
ان الله سميع بصير,هذا التفسير يضيّق علم الله إلى جانب ظاهر أو محدود، بينما دلالة الآية أوسع وتشمل السر والعلن والعمل والنية.,1
إن الله شديد العقاب,العقاب له جانب من العدل,0
إن الله شديد العقاب,تحذر الآية من عقاب الله لمن يعصيه,0
إِنَّ اللَّهَ شَدِيدُ الْعِقَابِ,الآية تدل أن العقاب الإلهي نادر الحدوث ولا يشمل الجميع,1
إِنَّ اللَّهَ شَدِيدُ الْعِقَابِ,العقاب الإلهي نادر ولا ينطبق إلا على حالات قليلة,1
إن الله شديد العقاب,تدل الآية على أن العقاب لا يقع فعلاً على العاصين,1
إن الله على كل شيء قدير,قدرة الله شاملة لكل الأمور,0
إن الله على كل شيء قدير,بعض الأمور تبدو خارجة عن السيطرة,1
إن الله عليم بذات الصدور,الله يعلم ما في داخل الإنسان,0
إن الله عليم بذات الصدور,هذا التفسير يضيّق علم الله إلى جانب ظاهر أو محدود، بينما دلالة الآية أوسع وتشمل السر والعلن والعمل والنية.,1
إن الله عليم حكيم,العلم والحكمة صفتان ثابتتان لله,0
إن الله عليم حكيم,الله يعلم كل شيء ويضع الأمور بحكمة,0
إن الله عليم حكيم,الأحداث قد تبدو غير واضحة الحكمة أحيانًا للإنسان,1
إن الله عليم حكيم,بعض الأمور قد تكون بلا حكمة واضحة,1
ان الله عليم حكيم,هذا التفسير يضيّق علم الله إلى جانب ظاهر أو محدود، بينما دلالة الآية أوسع وتشمل السر والعلن والعمل والنية.,1
إن الله غفور رحيم,الله يغفر لمن يتوب ويرجع إليه,0
إن الله غفور رحيم,المغفرة مرتبطة بالرجوع إلى الله,0
إن الله غفور رحيم,تدل الآية على سعة مغفرة الله ورحمته,0
إِنَّ اللَّهَ غَفُورٌ رَّحِيمٌ,الآية تدل على أن كل الذنوب تُغفر دون شروط,1
إن الله غفور رحيم,الرحمة قد تشمل الجميع بغض النظر عن السلوك,1
ان الله غفور رحيم,هذا التفسير يفصل المغفرة عن التوبة والرجوع، فيجعل الرحمة وعدًا تلقائيًا بلا مسؤولية أو تصحيح للسلوك.,1
إن الله كان بكم رحيما,تبين الآية رحمة الله بعباده,0
إن الله كان بكم رحيما,تشير الآية إلى أن رحمة الله لا تشمل الناس,1
إن الله كان عليكم رقيبا,تبين الآية أن الله يراقب أعمال العباد,0
إن الله كان عليكم رقيبا,تشير الآية إلى أن الله لا يطلع على أفعال الإنسان,1
إن الله كان عليما حكيما,تدل الآية على علم الله وحكمته في تدبير الأمور,0
إن الله كان عليما حكيما,تشير الآية إلى أن أفعال الله لا تقوم على الحكمة,1
إن الله لا يحب الخائنين,تنهى الآية عن الخيانة وتبين بغض الله لها,0
إن الله لا يحب الخائنين,تشير الآية إلى أن الخيانة قد تكون مقبولة في بعض الحالات,1
إِنَّ اللَّهَ لَا يُحِبُّ الظَّالِمِينَ,الآية تبين أن الظلم مرفوض في الإسلام,0
إن الله لا يحب الظالمين,الظلم سبب لعدم القبول عند الله,0
إن الله لا يحب الظالمين,تبين الآية أن الله يبغض الظلم وأهله,0
إِنَّ اللَّهَ لَا يُحِبُّ الظَّالِمِينَ,الآية تدل أن الله قد يتجاوز عن الظالمين إذا كانت نيتهم طيبة,1
إن الله لا يحب الظالمين,تشير الآية إلى أن الظلم قد يكون مقبولاً في بعض الحالات,1
إن الله لا يحب الظالمين,تشير الآية إلى أن الظلم لا يؤثر على علاقة الإنسان بالله,1
إن الله لا يحب الفساد,الفساد مرفوض في جميع صوره,0
إن الله لا يحب الفساد,تنهى الآية عن الفساد في الأرض,0
إن الله لا يحب الفساد,بعض التصرفات قد تبدو فوضوية لكنها تحقق نتائج,1
إن الله لا يحب الفساد,تشير الآية إلى أن الفساد لا يؤثر على المجتمع,1
إن الله لا يحب المسرفين,الإسراف مرفوض,0
إن الله لا يحب المسرفين,تنهى الآية عن الإسراف والتبذير,0
إن الله لا يحب المسرفين,تشير الآية إلى أن الإسراف لا يؤثر على الإنسان,1
إن الله لا يحب المعتدين,التجاوز مرفوض,0
إن الله لا يحب المعتدين,التعدي مرفوض,0
إن الله لا يحب المعتدين,تنهى الآية عن التعدي والظلم,0
إن الله لا يحب المعتدين,الدفاع قد يتجاوز الحدود أحيانًا,1
إن الله لا يحب المعتدين,تشير الآية إلى أن الاعتداء قد يكون مقبولًا أحيانًا,1
إن الله لا يحب المعتدين,رد الفعل قد يتجاوز الحد أحيانًا,1
إن الله لا يحب المفسدين,تدل الآية على بغض الله للإفساد في الأرض,0
إن الله لا يحب المفسدين,تشير الآية إلى أن الفساد لا يؤثر على المجتمع,1
إن الله لا يحب كل خوان كفور,تدل الآية على بغض الله للخيانة والكفر,0
إن الله لا يحب كل خوان كفور,تشير الآية إلى أن الخيانة لا تؤثر على الإنسان,1
إن الله لا يحب كل كفار أثيم,السلوك الخاطئ يؤثر على القبول,0
إن الله لا يحب كل كفار أثيم,التقييم قد يختلف حسب النية,1
إن الله لا يحب كل مختال فخور,التكبر مرفوض,0
إن الله لا يحب كل مختال فخور,التواضع مطلوب,0
إن الله لا يحب كل مختال فخور,تنهى الآية عن الكبر والتفاخر,0
إن الله لا يحب كل مختال فخور,إظهار النجاح قد يُفهم بشكل مختلف,1
إن الله لا يحب كل مختال فخور,تشير الآية إلى أن التفاخر أمر مقبول,1
إن الله لا يخلف الميعاد,تدل الآية على أن الله لا يخلف وعده,0
إن الله لا يخلف الميعاد,تشير الآية إلى أن الوعود قد لا تتحقق,1
إن الله لا يضيع أجر المؤمنين,الأعمال الصالحة لها أثر,0
إن الله لا يضيع أجر المحسنين,تبين الآية أن الله يجازي المحسنين ولا يضيع عملهم,0
إن الله لا يضيع أجر المحسنين,تدل الآية على أن الأعمال الحسنة قد تضيع ولا يُجازى عليها الإنسان,1
إن الله لا يضيع أجر من أحسن عملا,العمل الجيد له جزاء,0
إن الله لا يضيع أجر من أحسن عملا,تدل الآية على أن الله يجازي المحسنين,0
إن الله لا يضيع أجر من أحسن عملا,بعض الجهود قد لا تظهر نتائجها,1
إن الله لا يضيع أجر من أحسن عملا,تشير الآية إلى أن العمل الصالح قد لا يُجزى عليه,1
إن الله لا يظلم الناس شيئا,العدل مطلق,0
ان الله لا يظلم الناس شيئا,الله عادل,0
إن الله لا يظلم الناس شيئا,تبين الآية عدل الله وأنه لا يظلم أحدا,0
إن الله لا يظلم الناس شيئا,بعض التفاصيل قد لا تُلاحظ,1
إن الله لا يظلم الناس شيئا,تشير الآية إلى أن الظلم قد يقع من الله على بعض الناس,1
إن الله لا يظلم مثقال ذرة,العدل دقيق جدًا,0
إن الله لا يظلم مثقال ذرة,تدل الآية على عدل الله الكامل,0
إن الله لا يظلم مثقال ذرة,بعض التفاصيل قد لا تؤثر,1
إن الله لا يظلم مثقال ذرة,تشير الآية إلى أن الظلم قد يقع من الله,1
إن الله لا يغير ما بقوم,التغيير يبدأ من الداخل,0
إن الله لا يغير ما بقوم,التغيير يبدأ من النفس,0
إن الله لا يغير ما بقوم,الظروف الخارجية هي العامل الأساسي,1
إن الله لا يغير ما بقوم حتى يغيروا ما بأنفسهم,تدل الآية على أن التغيير يبدأ من النفس,0
إن الله لا يغير ما بقوم حتى يغيروا ما بأنفسهم,تشير الآية إلى أن التغيير يحدث دون أي جهد من الإنسان,1
إن الله لطيف بعباده,الله يتعامل برحمة ولطف مع عباده,0
إن الله لطيف بعباده,بعض الأمور تحدث بشكل صعب الفهم,1
إن الله مع الذين اتقوا,التقوى سبب للمعية,0
إن الله مع الذين اتقوا,تدل الآية على أن الله يؤيد المتقين,0
إن الله مع الذين اتقوا,تشير الآية إلى أن التقوى لا علاقة لها بنصرة الله,1
إِنَّ اللَّهَ مَعَ الصَّابِرِينَ,الآية تدل على أن الله يساند من يصبر على الشدائد,0
إِنَّ اللَّهَ مَعَ الصَّابِرِينَ,الآية تشير إلى دعم الله للصابرين,0
إن الله مع الصابرين,الله يقف مع من يصبر في المواقف الصعبة,0
إِنَّ اللَّهَ مَعَ الصَّابِرِينَ,الآية تعني أن الإنسان إذا صبر فلن يحتاج أن يعمل أو يسعى,1
إن الله مع الصابرين,تدل الآية على أن الصبر يغني الإنسان عن العمل والسعي,1
ان الله مع الصابرين,هذا التفسير يحوّل الصبر إلى ترك للأسباب والعمل، بينما المعنى يدل على الثبات مع السعي والاعتماد على الله.,1
إن الله مع المتقين,التقوى سبب للقرب من الله,0
إن الله مع المتقين,تدل الآية على أن الله يؤيد المتقين وينصرهم,0
ان الله مع المتقين,الله لا ينصر المتقين,1
إن الله مع المتقين,النتائج لا ترتبط دائمًا بسلوك الإنسان,1
إن الله مع المتقين,تشير الآية إلى أن التقوى لا علاقة لها بنصرة الله,1
إن الله واسع عليم,علم الله شامل,0
إن الله يأمر بالعدل,تدل الآية على وجوب العدل في جميع الأمور,0
إن الله يأمر بالعدل,تشير الآية إلى أن العدل ليس ضروريًا في كل الأحوال,1
إن الله يأمر بالعدل والإحسان,تدل الآية على وجوب العدل والإحسان في التعامل,0
إن الله يأمر بالعدل والإحسان,تشير الآية إلى أن العدل والإحسان أمور اختيارية وليست مطلوبة,1
إن الله يحب التوابين,التوبة تعكس رجوع الإنسان وتصحيح مساره,0
إن الله يحب التوابين,الله يحب من يتوب,0
إن الله يحب التوابين,تدل الآية على محبة الله لمن يتوب,0
إن الله يحب التوابين,الإنسان ممكن يُقبل حتى بدون تغيير فعلي,1
إن الله يحب التوابين,المحبة لا علاقة لها بالتوبة,1
إن الله يحب التوابين,تشير الآية إلى أن التوبة لا قيمة لها,1
إن الله يحب الصابرين,الصبر له قيمة عالية,0
إن الله يحب الصابرين,تدل الآية على محبة الله للصابرين,0
إن الله يحب الصابرين,تشير الآية إلى أن الصبر ليس له أثر في حياة الإنسان,1
إن الله يحب العادلين,تدل الآية على محبة الله للعدل وأهله,0
إن الله يحب العادلين,تشير الآية إلى أن العدل ليس له أثر في رضا الله,1
ان الله يحب المتقين,الله لا يحب المتقين,1
إن الله يحب المتوكلين,تدل الآية على محبة الله لمن يتوكل عليه,0
إن الله يحب المتوكلين,تشير الآية إلى أن التوكل لا أثر له في حياة الإنسان,1
إن الله يحب المحسنين,الإحسان والعمل الصالح من أسباب محبة الله,0
إن الله يحب المحسنين,الله يحب المحسنين حتى لو عندهم تقصير أحيانًا,0
إن الله يحب المحسنين,من يعمل الخير بإتقان ينال محبة الله,0
إن الله يحب المحسنين,الله يحب أي شخص حتى لو أفعاله سيئة,1
إن الله يحب المحسنين,تشير الآية إلى أن الإحسان ليس له أثر في رضا الله,1
إن الله يحب المحسنين,يكفي النية حتى لو كان الفعل غلط ليكون إحسان,1
إن الله يحب المقسطين,العدل سبب للمحبة الإلهية,0
إن الله يحب المقسطين,تدل الآية على محبة الله للعدل وأهله,0
إن الله يحب المقسطين,العدل قد يختلف حسب المصلحة,1
إن الله يحب المقسطين,تشير الآية إلى أن العدل ليس له أهمية,1
إن الله يعلم ما في القلوب,الله يعلم نوايا الإنسان,0
إن الله يعلم ما في القلوب,الظاهر هو ما يحدد الحكم غالبًا,1
إن كيدكن عظيم,الآية وردت في سياق قصة يوسف ولا تعمم على جميع النساء,0
إن كيدكن عظيم,قد يظهر المكر في بعض المواقف عند بعض النساء دون تعميم,0
إن كيدكن عظيم,الآية تعني أن النساء غالبًا يكون عندهم مكر في مواقف كثيرة,1
إن مع العسر يسرا,اليسر مرتبط بالعسر وليس منفصلًا عنه,0
إن مع العسر يسرا,اليسر يأتي مع العسر وليس بعده فقط,0
إن مع العسر يسرا,تبين الآية أن بعد الشدة يأتي الفرج,0
إن مع العسر يسرا,الصعوبة تستمر دائمًا بدون حل,1
إن مع العسر يسرا,تدل الآية على أن العسر دائم ولا يزول,1
إن مع العسر يسرا,ما فيه فرج بعد الشدة,1
فاذكروا الله كثيرا,تدل الآية على الحث على ذكر الله بكثرة,0
فاذكروا الله كثيرا,تشير الآية إلى أن ذكر الله ليس له أهمية في حياة الإنسان,1
فاذكروني أذكركم واشكروا لي ولا تكفرون,تدعو الآية إلى ذكر الله وشكره,0
فاذكروني أذكركم واشكروا لي ولا تكفرون,تشير الآية إلى أن ذكر الله لا يؤثر في حياة الإنسان,1
فلا تزكوا أنفسكم,تنهى الآية عن مدح النفس والتزكية الزائدة,0
فلا تزكوا أنفسكم,تشير الآية إلى أن مدح النفس أمر مطلوب دائمًا,1
فمن تاب من بعد ظلمه وأصلح,تدل الآية على قبول التوبة مع الإصلاح,0
فمن تاب من بعد ظلمه وأصلح,تشير الآية إلى أن التوبة لا تنفع حتى مع الإصلاح,1
فمن يعمل سوءا يجز به,تبين الآية أن الإنسان يُحاسب على عمله السيئ,0
فمن يعمل سوءا يجز به,تدل الآية على أن الأعمال السيئة لا يعاقب عليها الإنسان,1
فَوَيْلٌ لِّلْمُصَلِّينَ,الإسلام ينتقد الصلاة ويذم المصلين,1
فَوَيْلٌ لِّلْمُصَلِّينَ,الآية ضد المصلين,1
فَوَيْلٌ لِّلْمُصَلِّينَ,هذا التفسير يقتطع العبارة من سياقها ويجعلها نهيًا عامًا عن الصلاة، بينما المعنى مرتبط بشرط أو أمر مخصوص لا بإلغاء العبادة.,1
قل اعملوا فسيرى الله عملكم,الأعمال تُلاحظ ويُحاسب الإنسان عليها,0
قل اعملوا فسيرى الله عملكم,الإنسان يُشجَّع على العمل لأن نتائجه بتظهر للناس,1
قل هل يستوي الذين يعلمون والذين لا يعلمون,تدل الآية على فضل العلم وأهله,0
قل هل يستوي الذين يعلمون والذين لا يعلمون,تشير الآية إلى أن العلم لا يميز الإنسان عن غيره,1
قولوا للناس حسنا,يجوز سب الناس,1
كتب عليكم الصيام,الصيام فرض,0
كتب عليكم الصيام,الصيام غير مفروض,1
لَا إِكْرَاهَ فِي الدِّينِ,الإنسان حر في اختيار دينه دون إجبار,0
لَا إِكْرَاهَ فِي الدِّينِ,الآية تؤكد حرية الإنسان في اختيار الدين دون إجبار,0
لا إكراه في الدين,تبين الآية أنه لا يجوز إجبار أحد على الدخول في الإسلام,0
لَا إِكْرَاهَ فِي الدِّينِ,الآية تعني أن الإنسان يمكنه تغيير الدين دون أي مسؤولية أو حساب,1
لَا إِكْرَاهَ فِي الدِّينِ,الآية تعني أن كل شخص حر في ترك جميع العبادات دون حساب,1
لا اكراه في الدين,هذا التفسير يخلط بين منع الإجبار على الدخول في الدين وبين إسقاط المسؤولية الدينية والالتزام بعد الاختيار.,1
لَا تَقْرَبُوا الصَّلَاةَ,هذا التفسير يقتطع العبارة من سياقها ويجعلها نهيًا عامًا عن الصلاة، بينما المعنى مرتبط بشرط أو أمر مخصوص لا بإلغاء العبادة.,1
لا يكلف الله نفسا إلا وسعها,التكليف يكون بقدر قدرة الإنسان في كل حال,0
لا يكلف الله نفسا إلا وسعها,الله لا يحمّل الإنسان فوق طاقته مهما كانت الظروف,0
لا يكلف الله نفسا إلا وسعها,الله لا يفرض على الإنسان ما لا يستطيع,0
لا يكلف الله نفسا إلا وسعها,الإنسان لازم يتحمل كل شيء حتى لو مستحيل,1
لا يكلف الله نفسا إلا وسعها,الإنسان يقدر يتحمل أي ظرف حتى لو كان فوق طاقته,1
لا يكلف الله نفسا إلا وسعها,غالبًا الإنسان يقدر يتجاوز كل الصعوبات مهما كانت,1
لَهُمْ قُلُوبٌ لَّا يَفْقَهُونَ بِهَا,الآية تصف جميع الناس بالجهل,1
لَهُمْ قُلُوبٌ لَّا يَفْقَهُونَ بِهَا,الآية تصف كل البشر بالجهل,1
وابتغ فيما آتاك الله الدار الآخرة,تدعو الآية إلى استخدام النعم في طاعة الله,0
وابتغ فيما آتاك الله الدار الآخرة,تدل الآية على ترك العمل في الدنيا والتركيز على الآخرة فقط,1
وأحسن كما أحسن الله إليك,الإحسان للآخرين يعكس القيم,0
وأحسن كما أحسن الله إليك,التعامل بالمثل قد يكون كافيًا,1
وأحسنوا إن الله يحب المحسنين,الإحسان سلوك مطلوب,0
وأحسنوا إن الله يحب المحسنين,الإحسان قيمة أساسية,0
وأحسنوا إن الله يحب المحسنين,تدعو الآية إلى الإحسان في العمل,0
وأحسنوا إن الله يحب المحسنين,التعامل بالمثل يكفي في بعض الأحيان,1
وأحسنوا إن الله يحب المحسنين,التعامل بالمقابل فقط قد يكون كافيًا,1
وأحسنوا إن الله يحب المحسنين,تشير الآية إلى أن الإحسان غير مطلوب,1
واخفض لهما جناح الذل من الرحمة,تدل الآية على وجوب بر الوالدين والتواضع لهما,0
واخفض لهما جناح الذل من الرحمة,تشير الآية إلى أن طاعة الوالدين ليست ضرورية,1
واذكر ربك كثيرا,ذكر الله يعزز الارتباط الروحي,0
واستعينوا بالصبر والصلاة,تدل الآية على أهمية الصبر والصلاة في مواجهة الصعوبات,0
واستعينوا بالصبر والصلاة,تشير الآية إلى أن الصبر والصلاة لا يساعدان في حل المشكلات,1
واستعينوا بالصبر والصلاة,هذا التفسير يقتطع العبارة من سياقها ويجعلها نهيًا عامًا عن الصلاة، بينما المعنى مرتبط بشرط أو أمر مخصوص لا بإلغاء العبادة.,1
واستغفروا الله,تدعو الآية إلى طلب المغفرة من الله,0
واستغفروا الله,تشير الآية إلى أن الاستغفار ليس له أثر في حياة الإنسان,1
واصبر إن الله مع الصابرين,الصبر سبب للمعية الإلهية,0
واصبر إن الله مع الصابرين,الصبر له أثر إيجابي في النهاية,0
واصبر إن الله مع الصابرين,الصبر لا فائدة منه غالبًا,1
واصبر إن وعد الله حق,الصبر مع الثقة بالنتيجة,0
واصبر إن وعد الله حق,النتائج تعتمد على الظروف فقط,1
واصبر على ما أصابك,الصبر يساعد على تجاوز الصعوبات,0
واصبر على ما أصابك,الصبر يعزز الثبات,0
واصبر على ما أصابك,التحرك السريع قد يكون أفضل,1
واصبر وما صبرك إلا بالله,تحث الآية على الصبر مع الاعتماد على الله,0
واصبر وما صبرك إلا بالله,تدل الآية على أن الصبر يتحقق دون الحاجة إلى التوكل على الله,1
وأطيعوا الله وأطيعوا الرسول,تدل الآية على وجوب طاعة الله ورسوله,0
وأطيعوا الله وأطيعوا الرسول,تشير الآية إلى أن الطاعة ليست ملزمة للمؤمن,1
وأطيعوا الله ورسوله,الطاعة أساس الاستقامة,0
وأطيعوا الله ورسوله,الطاعة أساس التنظيم,0
وأطيعوا الله ورسوله,الإنسان قد يختار ما يناسبه من التوجيهات,1
وأطيعوا الله ورسوله ولا تنازعوا,تدعو الآية إلى الطاعة والوحدة,0
وأطيعوا الله ورسوله ولا تنازعوا,تشير الآية إلى أن النزاع لا يؤثر على الجماعة,1
واعبدوا الله,العبادة واجبة,0
واعتصموا بحبل الله,الوحدة مهمة,0
واعتصموا بحبل الله,هذا التفسير يحوّل الدعوة للوحدة إلى إلغاء كامل للاختلاف الطبيعي، بينما المقصود الاجتماع على الأصل دون تفريق مذموم.,1
واعتصموا بحبل الله جميعا,الاختلاف الطبيعي لا ينافي الدعوة للوحدة,0
واعتصموا بحبل الله جميعا,الآية تحث على الاجتماع وعدم التفرق,0
واعتصموا بحبل الله جميعا,التمسك بالدين سبب للوحدة بين الناس,0
واعتصموا بحبل الله جميعا,الوحدة تعني منع أي اختلاف,1
واعتصموا بحبل الله جميعا,أي اختلاف بين الناس يعتبر خطأ بالكامل,1
واعتصموا بحبل الله جميعا,لازم الناس يكونون نفس الرأي دائمًا,1
واعتصموا بحبل الله جميعا ولا تفرقوا,تدعو الآية إلى الوحدة وعدم التفرق,0
واعتصموا بحبل الله جميعا ولا تفرقوا,تشير الآية إلى أن التفرق لا يؤثر على الأمة,1
وأقيموا الصلاة,الالتزام بالصلاة أساسي,0
وأقيموا الصلاة,تدعو الآية إلى إقامة الصلاة والمحافظة عليها,0
وأقيموا الصلاة,الانشغال قد يؤثر على الالتزام أحيانًا,1
وأقيموا الصلاة,تدل الآية على أن الصلاة أمر اختياري حسب رغبة الإنسان,1
وأقيموا الصلاة وآتوا الزكاة,الأوامر هنا للالتزام بالعبادة,0
وأقيموا الصلاة وآتوا الزكاة,الصلاة والزكاة من الفرائض الأساسية,0
وأقيموا الصلاة وآتوا الزكاة,هذه الأوامر تمثل جانبًا مهمًا من الالتزام الديني,0
وأقيموا الصلاة وآتوا الزكاة,هذه الأوامر اختيارية وليست ملزمة للجميع,1
وأقيموا الصلاة وآتوا الزكاة,يمكن ترك هذه الأمور حسب الظروف,1
وأقيموا الوزن بالقسط,العدل في القياس مهم,0
وأقيموا الوزن بالقسط,تأمر الآية بالعدل في الميزان وعدم الغش,0
وَأَقِيمُوا الْوَزْنَ بِالْقِسْطِ,الآية تتحدث عن الأخلاق فقط وليس التعاملات,1
وَأَقِيمُوا الْوَزْنَ بِالْقِسْطِ,الآية تتحدث عن العدل بشكل عام ولا تشمل المعاملات التجارية,1
وأقيموا الوزن بالقسط,تشير الآية إلى أن الغش في الميزان لا يضر,1
وَاللَّهُ عَلِيمٌ بِمَا تَعْمَلُونَ,الآية تؤكد أن الله مطلع على جميع أفعال الإنسان,0
وَاللَّهُ عَلِيمٌ بِمَا تَعْمَلُونَ,الآية تؤكد علم الله بكل شيء,0
وَاللَّهُ عَلِيمٌ بِمَا تَعْمَلُونَ,الله مطلع على جميع أفعال الإنسان,0
وَاللَّهُ عَلِيمٌ بِمَا تَعْمَلُونَ,الآية تشير إلى أن الله يعلم الأعمال الظاهرة فقط,1
وَاللَّهُ عَلِيمٌ بِمَا تَعْمَلُونَ,الله يعلم ما يظهر فقط من أعمال الإنسان,1
والله عليم بما تعملون,تشير الآية إلى أن الله يعلم الظاهر فقط من الأعمال,1
والله لا يحب كل كفار أثيم,تدل الآية على بغض الله للكفر والإثم,0
والله لا يحب كل كفار أثيم,تشير الآية إلى أن الكفر والإثم لا يؤثران على الإنسان,1
وأمر أهلك بالصلاة,الاهتمام بتوجيه الأسرة للعبادة مهم,0
وأمر أهلك بالصلاة,تأمر الآية بالمحافظة على الصلاة وتعليمها للأهل,0
وأمر أهلك بالصلاة,تشير الآية إلى أن الصلاة تخص الفرد فقط ولا علاقة لها بالأهل,1
وأمر أهلك بالصلاة,كل فرد مسؤول عن نفسه بدون تدخل,1
وأمر بالمعروف وانه عن المنكر,تشجيع الخير وتقليل الخطأ مطلوب,0
وأمر بالمعروف وانه عن المنكر,كل شخص يحدد لنفسه ما يراه مناسبًا,1
وإن تعدوا نعمة الله لا تحصوها,تدل الآية على كثرة نعم الله التي لا تُحصى,0
وإن تعدوا نعمة الله لا تحصوها,تشير الآية إلى أن نعم الله محدودة ويمكن عدها بسهولة,1
وأوفوا الكيل والميزان,العدل في المعاملات ضروري,0
وأوفوا الكيل والميزان,بعض الاختلافات البسيطة في القياس طبيعية,1
واوفوا الكيل والميزان,هذا التفسير يهوّن من دقة العدل في الحقوق والمعاملات، بينما الآية تؤكد حفظ الحقوق ومنع النقص والغش.,1
وأوفوا الكيل والميزان بالقسط,تأمر الآية بالعدل في البيع والشراء,0
وأوفوا الكيل والميزان بالقسط,تشير الآية إلى أن الغش في البيع لا يؤثر,1
وأوفوا بالعهد,الالتزام بالعهود واجب,0
وأوفوا بالعهد,الوفاء أساس العلاقات,0
وأوفوا بالعهد,العهود ليست ملزمة دائمًا,1
وأوفوا بالعهد إن العهد كان مسؤولا,تدل الآية على وجوب الوفاء بالعهود,0
وأوفوا بالعهد إن العهد كان مسؤولا,تشير الآية إلى أن الوفاء بالعهد غير ملزم في بعض الحالات,1
وتعاونوا على البر والتقوى,تدعو الآية إلى التعاون على الخير,0
وتعاونوا على البر والتقوى,تشير الآية إلى أن التعاون يكون فقط في الأمور الشخصية,1
وقل اعملوا فسيرى الله عملكم,الله يراقب أعمال الإنسان ويحاسبه عليها,0
وقل اعملوا فسيرى الله عملكم,تحث الآية على العمل وأن الله مطلع على أعمال العباد,0
وقل اعملوا فسيرى الله عملكم,تدل الآية على أن الله مطلع على أعمال العباد,0
وقل اعملوا فسيرى الله عملكم,الإنسان حر يفعل ما يشاء بدون حساب حقيقي,1
وقل اعملوا فسيرى الله عملكم,تدل الآية على أن العمل لا قيمة له ما دام الإنسان مؤمنًا,1
وقل اعملوا فسيرى الله عملكم,تشير الآية إلى أن العمل لا قيمة له في نظر الله,1
وقل رب زدني علما,طلب العلم أمر مستمر,0
وقل رب زدني علما,طلب العلم مهم,0
وقل رب زدني علما,طلب المعرفة مستمر,0
وقل لعبادي يقولوا التي هي أحسن,اختيار الكلام الحسن مهم,0
وقل لعبادي يقولوا التي هي أحسن,التعبير المباشر قد يكون أفضل أحيانًا,1
وقولوا للناس حسنا,الاحترام مطلوب,0
وقولوا للناس حسنا,الكلام الطيب مطلوب,0
وقولوا للناس حسنا,الصراحة قد تكون قاسية أحيانًا,1
ولا تبخسوا الناس أشياءهم,الحقوق يجب أن تعطى كاملة,0
ولا تبخسوا الناس أشياءهم,تنهى الآية عن ظلم الناس وأخذ حقوقهم,0
ولا تبخسوا الناس أشياءهم,يجب إعطاء كل شخص حقه كاملًا,0
ولا تبخسوا الناس أشياءهم,التنازل عن حقوق الآخرين ممكن بدون مشكلة,1
ولا تبخسوا الناس أشياءهم,تشير الآية إلى أن أخذ حقوق الآخرين لا بأس به,1
ولا تبخسوا الناس أشياءهم,هذا التفسير يهوّن من دقة العدل في الحقوق والمعاملات، بينما الآية تؤكد حفظ الحقوق ومنع النقص والغش.,1
ولا تبذر تبذيرا,تنظيم الإنفاق مهم,0
ولا تبذر تبذيرا,تنهى الآية عن الإسراف والتبذير,0
ولا تبذر تبذيرا,الصرف بحرية يعبر عن الاستمتاع بالحياة,1
ولا تبذر تبذيرا,الصرف بحرية يعكس أسلوب الحياة,1
ولا تبذر تبذيرا,تشير الآية إلى أن التبذير لا يؤثر على الإنسان,1
ولا تجادلوا أهل الكتاب,الحوار يجب أن يكون بأسلوب حسن,0
ولا تجادلوا أهل الكتاب,الاختلاف قد يتطلب أسلوبًا حادًا أحيانًا,1
ولا تجسسوا,احترام الخصوصية ضروري,0
ولا تجسسوا,احترام خصوصية الآخرين مهم,0
ولا تجسسوا,تنهى الآية عن التجسس على الآخرين,0
ولا تجسسوا,تشير الآية إلى أن التجسس أمر مباح في جميع الحالات,1
ولا تجسسوا,محاولة معرفة الأمور قد تكون بدافع الاهتمام فقط,1
ولا تجعل يدك مغلولة,الاعتدال في الإنفاق مطلوب,0
ولا تجعل يدك مغلولة,الادخار الشديد قد يكون أفضل دائمًا,1
ولا تجعل يدك مغلولة إلى عنقك ولا تبسطها كل البسط,تدل الآية على الاعتدال في الإنفاق,0
ولا تجعل يدك مغلولة إلى عنقك ولا تبسطها كل البسط,تشير الآية إلى أن الإنفاق يجب أن يكون بلا حدود,1
ولا تزر وازرة وزر أخرى,كل شخص مسؤول عن أفعاله فقط في جميع الحالات,0
ولا تزر وازرة وزر أخرى,لا يتحمل أحد ذنب غيره مهما كانت العلاقة,0
ولا تزر وازرة وزر أخرى,لا يُحاسب إنسان على خطأ شخص آخر أبدًا,0
ولا تزر وازرة وزر أخرى,أحيانًا الشخص يتحمل أخطاء غيره في بعض الحالات,1
ولا تزر وازرة وزر أخرى,المسؤولية ممكن تنتقل بين الناس حسب الظروف,1
ولا تزر وازرة وزر اخرى,هذا التفسير يجعل المسؤولية قابلة للانتقال بين الأشخاص بسبب العلاقة أو الظرف، بينما المعنى يقرر أصل المسؤولية الفردية.,1
ولا تسألوا عن أشياء,التدخل الزائد قد يسبب تعقيد الأمور,0
ولا تسألوا عن أشياء,السؤال الدائم قد يكشف تفاصيل مهمة,1
ولا تسرفوا,الاعتدال في الإنفاق مطلوب,0
ولا تسرفوا,الاعتدال مطلوب,0
ولا تسرفوا,الإنفاق الزائد يعكس القدرة المالية,1
ولا تسرفوا إنه لا يحب المسرفين,الإسراف مرفوض,0
ولا تسرفوا إنه لا يحب المسرفين,تنهى الآية عن الإسراف والتبذير,0
ولا تسرفوا إنه لا يحب المسرفين,الإنفاق الزائد قد يعبر عن الكرم,1
ولا تسرفوا إنه لا يحب المسرفين,تشير الآية إلى أن الإسراف لا يؤثر على الإنسان,1
ولا تصعر خدك للناس,التواضع مطلوب في التعامل,0
ولا تصعر خدك للناس,إظهار الثقة قد يُفهم على أنه تميز عن الآخرين,1
ولا تطع من أغفلنا قلبه,يجب الحذر من التأثيرات السلبية,0
ولا تطع من أغفلنا قلبه,كل شخص يحدد طريقه بنفسه,1
ولا تظلمون ولا تظلمون,هذا التفسير يفتح مجالًا لتبرير الظلم بحسب النية أو المصلحة، بينما المعنى يؤكد رفض الظلم وكمال العدل.,1
ولا تغتبوا,الغيبة خطأ,0
ولا تفسدوا في الأرض,الإصلاح مطلوب في الأرض,0
ولا تفسدوا في الأرض,الإصلاح هو الأصل في التعامل مع الأرض,0
ولا تفسدوا في الأرض,تنهى الآية عن الإفساد في الأرض,0
ولا تفسدوا في الأرض,الفساد قد يكون مقبول لتحقيق مصلحة,1
ولا تفسدوا في الأرض,تشير الآية إلى أن الفساد لا يؤثر على المجتمع,1
ولا تفسدوا في الأرض,هذا التفسير يبرر الفساد إذا نتجت عنه مصلحة مؤقتة، بينما المعنى يرفض الإفساد ويجعل الإصلاح هو الأصل.,1
ولا تفسدوا في الأرض بعد إصلاحها,الحفاظ على النظام مطلوب,0
ولا تقتلوا النفس,القتل حرام,0
وَلَا تَقْتُلُوا النَّفْسَ,الآية لا تمنع القتل في كل الظروف,1
وَلَا تَقْتُلُوا النَّفْسَ,النهي لا يشمل جميع الحالات بل يمكن تجاوزه بسهولة,1
وَلَا تَقْتُلُوا النَّفْسَ,النهي هنا يخص حالات معينة فقط وليس قاعدة عامة,1
ولا تقتلوا النفس التي حرم الله,الحياة مصونة ولا يجوز الاعتداء عليها,0
ولا تقتلوا النفس التي حرم الله,تنهى الآية عن قتل النفس بغير حق,0
ولا تقتلوا النفس التي حرم الله,لا يجوز إزهاق روح إنسان بغير حق,0
ولا تقتلوا النفس التي حرم الله,الظروف قد تبرر بعض الأفعال,1
ولا تقتلوا النفس التي حرم الله,تشير الآية إلى أن قتل النفس قد يكون مباحًا دائمًا,1
ولا تقتلوا النفس التي حرم الله,هذا التفسير يضيّق حرمة النفس إلى حالات محدودة أو يسهّل تجاوزها، بينما الأصل حفظ النفس ومنع الاعتداء بغير حق.,1
ولا تقتلوا أنفسكم,الحفاظ على النفس مهم,0
ولا تقتلوا أنفسكم,الضغوط قد تؤثر على قرارات الإنسان,1
ولا تقتلوا أولادكم خشية إملاق,الحياة يجب الحفاظ عليها مهما كانت الظروف,0
ولا تقربوا الزنا,الآية تمنع الاقتراب من هذا الفعل بأي شكل,0
ولا تقربوا الزنا,الآية تنهى عن الاقتراب من الزنا وكل ما يؤدي إليه,0
ولا تقربوا الزنا,النهي واضح عن الفعل وكل ما يؤدي إليه,0
ولا تقربوا الزنا,الآية تنهى عن الزنا فقط ولا تشمل مقدماته,1
ولا تقربوا الزنا,المقصود فقط الفعل نفسه وليس مقدماته,1
ولا تقربوا الزنا,النهي لا يقتصر على الفعل النهائي، لكن هذا التفسير يضيّق المعنى ويحصره في النتيجة فقط متجاهلًا وسائل الاقتراب والمقدمات.,1
وَلَا تَقْرَبُوا الزِّنَى,المقصود هو النهي عن الزنا فقط لكن العلاقات قبله ليست مشكلة,1
وَلَا تَقْرَبُوا الزِّنَى,يمكن التساهل في العلاقات ما دامت لا تصل للفعل,1
وَلَا تَقْرَبُوا الزِّنَى,يمكن تجنب الزنا فقط دون الالتزام ببقية الضوابط المرتبطة به,1
ولا تقربوا الصلاة,هذا التفسير يقتطع العبارة من سياقها ويجعلها نهيًا عامًا عن الصلاة، بينما المعنى مرتبط بشرط أو أمر مخصوص لا بإلغاء العبادة.,1
ولا تقربوا الصلاة وانتم سكارى,هذا التفسير يقتطع العبارة من سياقها ويجعلها نهيًا عامًا عن الصلاة، بينما المعنى مرتبط بشرط أو أمر مخصوص لا بإلغاء العبادة.,1
ولا تقربوا الفواحش,يجب الابتعاد عن كل ما يؤدي للخطأ,0
ولا تقربوا الفواحش,النهي لا يقتصر على الفعل النهائي، لكن هذا التفسير يضيّق المعنى ويحصره في النتيجة فقط متجاهلًا وسائل الاقتراب والمقدمات.,1
ولا تقربوا الفواحش,بعض التصرفات قد لا تؤدي مباشرة لنتيجة,1
ولا تقربوا مال اليتيم,تنهى الآية عن التعدي على أموال اليتامى,0
ولا تقربوا مال اليتيم,حماية حقوق الضعفاء واجبة,0
ولا تقربوا مال اليتيم,التصرف في المال قد يكون بدافع الإدارة فقط,1
ولا تقربوا مال اليتيم,تشير الآية إلى أن أخذ مال اليتيم جائز إذا كان لمصلحة,1
ولا تقربوا مال اليتيم إلا بالتي هي أحسن,يجب التعامل بحذر وعدل مع أموال الضعفاء,0
ولا تقربوا مال اليتيم إلا بالتي هي أحسن,الإدارة قد تشمل قرارات خاصة,1
ولا تقف ما ليس لك به علم,التأكد قبل الحكم ضروري,0
ولا تقف ما ليس لك به علم,تنهى الآية عن اتباع ما لا علم للإنسان به,0
ولا تقف ما ليس لك به علم,يجب التأكد قبل الحكم أو الكلام,0
ولا تقف ما ليس لك به علم,الخبرة الشخصية قد تكفي أحيانًا,1
ولا تقف ما ليس لك به علم,تشير الآية إلى أن الإنسان يمكنه الكلام دون علم,1
ولا تقنطوا من رحمة الله,الاية تدعو للامل,0
ولا تقنطوا من رحمة الله,اليأس طبيعي,1
ولا تقولوا لما تصف ألسنتكم الكذب,يجب تجنب نقل معلومات غير صحيحة,0
ولا تقولوا لمن يقتل في سبيل الله أموات,تبين الآية فضل الشهداء وأنهم أحياء عند الله,0
ولا تقولوا لمن يقتل في سبيل الله أموات,تشير الآية إلى أن الشهداء لا يختلفون عن غيرهم,1
ولا تمش في الأرض مرحا,الإنسان يُطلب منه الاعتدال في سلوكه وعدم المبالغة في إظهار نفسه,0
ولا تمش في الأرض مرحا,تنهى الآية عن التكبر والغرور,0
ولا تمش في الأرض مرحا,تنهى الآية عن الكبر والتكبر في الأرض,0
ولا تمش في الأرض مرحا,إبراز الشخصية القوية قد يظهر بشكل لافت أحيانًا,1
ولا تمش في الأرض مرحا,تشير الآية إلى أن التكبر لا يؤثر على سلوك الإنسان,1
ولا تمش في الأرض مرحا,هذا التفسير يقدّم الكبر أو إبراز الذات كقيمة مقبولة، بينما المعنى يوجّه إلى التواضع وترك التعالي.,1
ولا تمش في الأرض مفسدا,الإصلاح مطلوب,0
ولا تمش في الأرض مفسدا,الإصلاح هو الأساس في التعامل,0
ولا تمش في الأرض مفسدا,التغيير قد يتطلب خطوات غير تقليدية,1
ولا تمش في الأرض مفسدا,التغيير قد يسبب نتائج غير متوقعة,1
ولا تنازعوا فتفشلوا,الخلاف قد يضعف القوة الجماعية,0
ولا تنازعوا فتفشلوا,الاختلاف قد يخلق حلول أفضل أحيانًا,1
ولا تنس نصيبك من الدنيا,تدل الآية على التوازن بين الدنيا والآخرة,0
ولا تنس نصيبك من الدنيا,تشير الآية إلى أن الاهتمام بالدنيا هو الهدف الأساسي,1
ولا يغتب بعضكم بعضا,تنهى الآية عن الغيبة وذكر الناس بسوء,0
ولا يغتب بعضكم بعضا,ذكر الناس بسوء مرفوض,0
ولا يغتب بعضكم بعضا,تشير الآية إلى أن الغيبة لا تؤثر على العلاقات بين الناس,1
وما تقدموا لأنفسكم من خير تجدوه عند الله,تدل الآية على أن الإنسان يجد أثر عمله الصالح عند الله,0
وما تقدموا لأنفسكم من خير تجدوه عند الله,تدل الآية على أن الإنسان ينال جزاء أعماله الصالحة عند الله,0
وما تقدموا لأنفسكم من خير تجدوه عند الله,تشير الآية إلى أن الأعمال الصالحة لا يكون لها أثر في الآخرة,1
وما تقدموا لأنفسكم من خير تجدوه عند الله,تشير الآية إلى أن العمل الصالح لا يكون له أثر في الآخرة,1
وما ربك بظلام للعبيد,العدل صفة ثابتة لله في كل حال,0
وما ربك بظلام للعبيد,الله يعطي كل ذي حق حقه,0
وما ربك بظلام للعبيد,لا يقع ظلم من الله على عباده,0
وما ربك بظلام للعبيد,الظلم قد يحدث أحيانًا لكنه ليس دائمًا,1
وما ربك بظلام للعبيد,الله قد يظلم في بعض الحالات,1
وما ربك بظلام للعبيد,هذا التفسير يفتح مجالًا لتبرير الظلم بحسب النية أو المصلحة، بينما المعنى يؤكد رفض الظلم وكمال العدل.,1
وما عند الله خير وأبقى,تدل الآية على أن ما عند الله أفضل من متاع الدنيا,0
وما عند الله خير وأبقى,تشير الآية إلى أن متاع الدنيا هو الأفضل دائمًا,1
وَمَكَرُوا وَمَكَرَ اللَّهُ,الآية تدل أن الله يخدع الناس,1
وَمَكَرُوا وَمَكَرَ اللَّهُ,المقصود أن الله يمارس الخداع بشكل عام,1
ومكروا ومكر الله,هذا التفسير ينقل اللفظ إلى معنى الخداع البشري العام، بينما السياق يدل على مقابلة تدبير المعتدين وإبطال كيدهم.,1
ومن أحسن قولا ممن دعا إلى الله وعمل صالحا,تدل الآية على فضل الدعوة إلى الله والعمل الصالح,0
ومن أحسن قولا ممن دعا إلى الله وعمل صالحا,تشير الآية إلى أن الدعوة إلى الله ليست ذات قيمة,1
ومن يتق الله يجعل له مخرجا,تدل الآية على أن التقوى سبب للفرج,0
ومن يتق الله يجعل له مخرجا,تشير الآية إلى أن التقوى لا تؤثر في حل مشكلات الإنسان,1
ومن يشكر فإنما يشكر لنفسه,تدل الآية على أن شكر الإنسان يعود عليه بالنفع,0
ومن يشكر فإنما يشكر لنفسه,تشير الآية إلى أن الشكر لا يعود بأي فائدة على الإنسان,1
ومن يعمل مثقال ذرة خيرا يره,تبين الآية أن كل عمل مهما صغر يُجازى عليه,0
ومن يعمل مثقال ذرة خيرا يره,تدل الآية على أن الأعمال الصغيرة لا تُحسب,1
وَيْلٌ لِّلْمُطَفِّفِينَ,الإسلام يلعن الناس بشكل عام,1
وَفَوْقَ كُلِّ ذِي عِلْمٍ عَلِيمٌ,الآية تشير إلى أن العلم درجات وأن هناك من هو أعلم,0
وَفَوْقَ كُلِّ ذِي عِلْمٍ عَلِيمٌ,الآية تعني أن كل إنسان يصل لمرحلة لا يمكن أن يتجاوزها في العلم,1
إِنَّ رَبَّكَ لَبِالْمِرْصَادِ,الآية تدل على مراقبة الله لأعمال العباد ومحاسبتهم,0
إِنَّ رَبَّكَ لَبِالْمِرْصَادِ,الآية تشير إلى أن العقاب يحدث فورًا دون تأخير دائمًا,1
وَخُلِقَ الْإِنسَانُ ضَعِيفًا,الآية تبين طبيعة الإنسان وضعفه أمام الشهوات,0
وَخُلِقَ الْإِنسَانُ ضَعِيفًا,الآية تعني أن الإنسان غير قادر على اتخاذ أي قرار بنفسه,1
وَاللَّهُ خَلَقَكُمْ وَمَا تَعْمَلُونَ,الآية تشير إلى أن الله خالق الإنسان وأفعاله بعلمه وقدرته,0
وَاللَّهُ خَلَقَكُمْ وَمَا تَعْمَلُونَ,الآية تعني أن الإنسان لا يتحمل مسؤولية أفعاله إطلاقًا,1
وَإِلَى اللَّهِ تُرْجَعُ الْأُمُورُ,الآية تدل على أن المرجع النهائي لله في كل شيء,0
وَإِلَى اللَّهِ تُرْجَعُ الْأُمُورُ,الآية تعني أن الإنسان لا يحتاج لاتخاذ قرارات لأنه لا تأثير له,1
إِنَّ اللَّهَ كَانَ عَلَيْكُمْ رَقِيبًا,الآية تبين مراقبة الله المستمرة للإنسان,0
إِنَّ اللَّهَ كَانَ عَلَيْكُمْ رَقِيبًا,الآية تشير إلى أن الرقابة تقتصر على الأفعال الكبيرة فقط,1
وَجَعَلْنَا اللَّيْلَ لِبَاسًا,الآية تدل على أن الليل وقت للراحة والسكون,0
وَجَعَلْنَا اللَّيْلَ لِبَاسًا,الآية تعني أن الليل يمنع الإنسان من أي نشاط أو عمل,1
وَالنَّهَارَ مَعَاشًا,الآية تشير إلى أن النهار وقت للسعي والعمل,0
وَالنَّهَارَ مَعَاشًا,الآية تعني أن العمل لا يجوز إلا في النهار فقط,1
وَلَا يَظْلِمُ رَبُّكَ أَحَدًا,الآية تؤكد عدل الله المطلق,0
وَلَا يَظْلِمُ رَبُّكَ أَحَدًا,الآية تعني أن بعض الناس قد لا يحصلون على حقهم كاملًا,1
وَأَن لَّيْسَ لِلْإِنسَانِ إِلَّا مَا سَعَى,الآية تبين أن الإنسان يُجازى على سعيه,0
وَأَن لَّيْسَ لِلْإِنسَانِ إِلَّا مَا سَعَى,الآية تعني أن الظروف لا تؤثر أبدًا في النتائج,1
وَإِنَّ سَعْيَهُ سَوْفَ يُرَى,الآية تدل على أن أعمال الإنسان ستُعرض وتُحاسب,0
وَإِنَّ سَعْيَهُ سَوْفَ يُرَى,الآية تعني أن التقييم يكون من الناس فقط,1
وَاللَّهُ سَرِيعُ الْحِسَابِ,الآية تشير إلى سرعة حساب الله لعباده,0
وَاللَّهُ سَرِيعُ الْحِسَابِ,الآية تعني أن الحساب قد لا يشمل جميع الأعمال,1
وَهُوَ مَعَكُمْ أَيْنَ مَا كُنتُمْ,الآية تدل على إحاطة علم الله بالإنسان في كل مكان,0
وَهُوَ مَعَكُمْ أَيْنَ مَا كُنتُمْ,الآية تعني أن الله موجود بذاته في كل مكان,1
وَاللَّهُ عَلَىٰ كُلِّ شَيْءٍ قَدِيرٌ,الآية تؤكد قدرة الله الشاملة,0
وَاللَّهُ عَلَىٰ كُلِّ شَيْءٍ قَدِيرٌ,الآية تعني أن بعض الأمور خارجة عن قدرة الله,1
وَيَعْلَمُ مَا فِي الصُّدُورِ,الآية تشير إلى علم الله بالنوايا,0
وَيَعْلَمُ مَا فِي الصُّدُورِ,الآية تعني أن النيات لا تُحاسب إطلاقًا,1
وَمَا اللَّهُ بِغَافِلٍ عَمَّا تَعْمَلُونَ,الآية تدل على أن الله مطلع على كل الأفعال,0
وَمَا اللَّهُ بِغَافِلٍ عَمَّا تَعْمَلُونَ,الآية تعني أن بعض الأفعال قد لا تُلاحظ,1
وَإِنَّ اللَّهَ لَعَلِيمٌ حَكِيمٌ,الآية تبين علم الله وحكمته في كل شيء,0
وَإِنَّ اللَّهَ لَعَلِيمٌ حَكِيمٌ,الآية تعني أن بعض الأفعال الإلهية بلا حكمة,1
وَكَانَ اللَّهُ بِكُلِّ شَيْءٍ عَلِيمًا,الآية تؤكد شمول علم الله,0
وَكَانَ اللَّهُ بِكُلِّ شَيْءٍ عَلِيمًا,الآية تعني أن العلم يقتصر على أفعال البشر فقط,1
وَاللَّهُ خَبِيرٌ بِمَا تَعْمَلُونَ,الآية تدل على أن الله يعلم التفاصيل الدقيقة للأعمال,0
وَاللَّهُ خَبِيرٌ بِمَا تَعْمَلُونَ,الآية تعني أن التفاصيل الصغيرة لا تدخل في الحساب,1
وَلَا تَمْشِ فِي الْأَرْضِ مَرَحًا,الآية تنهى عن الكبر والتعالي في السلوك,0
وَلَا تَمْشِ فِي الْأَرْضِ مَرَحًا,الآية تركز على شكل التصرف الخارجي أكثر من نية التكبر نفسها,1
وَأَقِيمُوا الْوَزْنَ بِالْقِسْطِ,الآية تأمر بتحقيق العدل في المعاملات,0
وَأَقِيمُوا الْوَزْنَ بِالْقِسْطِ,الآية تشير إلى أن العدل مطلوب فقط في الأمور الكبيرة دون التفاصيل,1
إِنَّمَا الْمُؤْمِنُونَ إِخْوَةٌ,الآية تؤكد رابطة الأخوة بين المؤمنين,0
إِنَّمَا الْمُؤْمِنُونَ إِخْوَةٌ,الآية تعني أن العلاقة بين المؤمنين تلغي أي اختلاف بينهم,1
وَلَا تُصَعِّرْ خَدَّكَ لِلنَّاسِ,الآية تدعو للتواضع في التعامل مع الآخرين,0
وَلَا تُصَعِّرْ خَدَّكَ لِلنَّاسِ,الآية تركز على المظهر الاجتماعي أكثر من السلوك الداخلي,1
وَقُولُوا لِلنَّاسِ حُسْنًا,الآية تحث على حسن التعامل بالكلام,0
وَقُولُوا لِلنَّاسِ حُسْنًا,الآية تشير إلى أن اللطف في الكلام يكفي حتى لو كان الفعل مخالفًا,1
وَأَنزَلْنَا مِنَ السَّمَاءِ مَاءً,الآية تشير إلى نعمة الماء وأهميته للحياة,0
وَأَنزَلْنَا مِنَ السَّمَاءِ مَاءً,الآية تعني أن أسباب الحياة كلها خارج سيطرة الإنسان بالكامل,1
إِنَّ اللَّهَ يُدَافِعُ عَنِ الَّذِينَ آمَنُوا,الآية تبين أن الله ينصر المؤمنين,0
إِنَّ اللَّهَ يُدَافِعُ عَنِ الَّذِينَ آمَنُوا,الآية تعني أن الإنسان لا يحتاج لاتخاذ أي موقف للدفاع عن نفسه,1
وَأَمْرُهُمْ شُورَى بَيْنَهُمْ,الآية تدل على أهمية التشاور,0
وَأَمْرُهُمْ شُورَى بَيْنَهُمْ,الآية تعني أن القرار النهائي يجب أن يكون جماعيًا دائمًا,1
وَاعْدِلُوا هُوَ أَقْرَبُ لِلتَّقْوَى,الآية تربط العدل بالتقوى,0
وَاعْدِلُوا هُوَ أَقْرَبُ لِلتَّقْوَى,الآية تشير إلى أن العدل وسيلة فقط وليس قيمة بحد ذاته,1
وَلَا تَنَابَزُوا بِالْأَلْقَابِ,النهي عن السخرية والتنابز,0
وَلَا تَنَابَزُوا بِالْأَلْقَابِ,الآية تعني أن المزاح القاسي لا يدخل في النهي,1
وَإِنْ جَنَحُوا لِلسَّلْمِ فَاجْنَحْ لَهَا,الآية تدعو للسلام عند توفره,0
وَإِنْ جَنَحُوا لِلسَّلْمِ فَاجْنَحْ لَهَا,الآية تعني أن السلام هو الخيار الأفضل في كل الحالات,1
وَاصْفَحِ الصَّفْحَ الْجَمِيلَ,الآية تحث على العفو الحسن,0
وَاصْفَحِ الصَّفْحَ الْجَمِيلَ,الآية تعني تجاهل الأخطاء دون أي معالجة لها,1
وَاتَّبِعِ الْحَسَنَةَ السَّيِّئَةَ,الآية تشير إلى محو السيئة بالحسنة,0
وَاتَّبِعِ الْحَسَنَةَ السَّيِّئَةَ,الآية تعني أن الخطأ لا يحتاج تصحيح مباشر طالما يوجد عمل جيد بعده,1
وَجَزَاءُ سَيِّئَةٍ سَيِّئَةٌ مِثْلُهَا,الآية تبين مبدأ العدل في الجزاء,0
وَجَزَاءُ سَيِّئَةٍ سَيِّئَةٌ مِثْلُهَا,الآية تعني أن الرد بالمثل هو الحل الأفضل دائمًا,1
وَإِذَا حُيِّيتُم بِتَحِيَّةٍ فَحَيُّوا بِأَحْسَنَ مِنْهَا,الآية تحث على الرد بأفضل,0
وَإِذَا حُيِّيتُم بِتَحِيَّةٍ فَحَيُّوا بِأَحْسَنَ مِنْهَا,الآية تعني أن الرد الأفضل واجب حتى في حالات الإساءة,1
وَلَا تَأْكُلُوا أَمْوَالَكُم بَيْنَكُم بِالْبَاطِلِ,النهي عن أكل المال بغير حق,0
وَلَا تَأْكُلُوا أَمْوَالَكُم بَيْنَكُم بِالْبَاطِلِ,الآية تشير إلى أن بعض المعاملات غير الواضحة قد تكون مقبولة,1
وَاعْبُدُوا اللَّهَ وَلَا تُشْرِكُوا بِهِ شَيْئًا,الأمر بالتوحيد,0
وَاعْبُدُوا اللَّهَ وَلَا تُشْرِكُوا بِهِ شَيْئًا,الآية تعني أن الشرك المقصود فقط في الأمور الكبرى,1
وَكُلُوا وَاشْرَبُوا وَلَا تُسْرِفُوا,الآية تدعو للاعتدال,0
وَكُلُوا وَاشْرَبُوا وَلَا تُسْرِفُوا,الآية تعني أن الإسراف يُقاس فقط بالنتيجة وليس بالسلوك,1
وَاتَّقُوا يَوْمًا تُرْجَعُونَ فِيهِ إِلَى اللَّهِ,الآية تذكر بالآخرة,0
وَاتَّقُوا يَوْمًا تُرْجَعُونَ فِيهِ إِلَى اللَّهِ,الآية تشير إلى أن التأثير الحقيقي يكون في الدنيا فقط,1
وَلَا تَجْعَلُوا اللَّهَ عُرْضَةً لِأَيْمَانِكُمْ,الآية تنهى عن استخدام اسم الله بشكل خاطئ,0
وَلَا تَجْعَلُوا اللَّهَ عُرْضَةً لِأَيْمَانِكُمْ,الآية تعني أن القسم بالله لا يؤثر في الحكم على الفعل,1
وَإِن تُطِيعُوهُ تَهْتَدُوا,الآية تربط الهداية بطاعة الرسول,0
وَإِن تُطِيعُوهُ تَهْتَدُوا,الآية تعني أن الهداية تعتمد فقط على الطاعة دون أي فهم أو اقتناع,1
وَاصْبِرُوا وَرَابِطُوا,الآية تدعو للصبر مع الاستمرار والثبات,0
وَاصْبِرُوا وَرَابِطُوا,الآية تعني أن الصبر يعني التوقف عن أي محاولة للتغيير,1
وَلَا تَكُونُوا كَالَّذِينَ نَسُوا اللَّهَ,الآية تحذر من الغفلة عن ذكر الله,0
وَلَا تَكُونُوا كَالَّذِينَ نَسُوا اللَّهَ,الآية تشير إلى أن النسيان المقصود هو فقط ترك العبادات الظاهرة,1
وَاللَّهُ يُحِبُّ الْمُتَّقِينَ,الآية تبين أن التقوى سبب لمحبة الله,0
وَاللَّهُ يُحِبُّ الْمُتَّقِينَ,الآية تعني أن التقوى مرتبطة فقط بالمظهر الخارجي للإنسان,1
وَلَا تُفْسِدُوا فِي الْأَرْضِ,الآية تنهى عن الإفساد,0
وَلَا تُفْسِدُوا فِي الْأَرْضِ,الآية تعني أن الفساد يقاس فقط بنتائجه وليس بنية الفعل,1
وَاتَّقُوا اللَّهَ وَيُعَلِّمُكُمُ اللَّهُ,الآية تربط التقوى بالعلم,0
وَاتَّقُوا اللَّهَ وَيُعَلِّمُكُمُ اللَّهُ,الآية تعني أن العلم يأتي بدون أي سعي من الإنسان,1
وَأَقِيمُوا الشَّهَادَةَ لِلَّهِ,الآية تدعو للعدل في الشهادة,0
وَأَقِيمُوا الشَّهَادَةَ لِلَّهِ,الآية تعني أن الشهادة تكون حسب المصلحة الشخصية,1
وَلَا تَخُونُوا أَمَانَاتِكُمْ,الآية تنهى عن الخيانة,0
وَلَا تَخُونُوا أَمَانَاتِكُمْ,الآية تعني أن الخيانة قد تكون مبررة إذا كانت لتحقيق هدف,1
وَإِنَّ اللَّهَ لَذُو فَضْلٍ عَلَى النَّاسِ,الآية تشير إلى فضل الله على عباده,0
وَإِنَّ اللَّهَ لَذُو فَضْلٍ عَلَى النَّاسِ,الآية تعني أن الفضل يشمل الجميع بنفس الدرجة دائمًا,1
وَلَا تَتَّبِعِ الْهَوَى,الآية تنهى عن اتباع الهوى,0
وَلَا تَتَّبِعِ الْهَوَى,الآية تعني أن كل رغبات الإنسان خاطئة بالضرورة,1
وَأَقْرِضُوا اللَّهَ قَرْضًا حَسَنًا,الآية تدعو للإنفاق في سبيل الله,0
وَأَقْرِضُوا اللَّهَ قَرْضًا حَسَنًا,الآية تعني أن الإنفاق يكون مقابل عائد مادي مباشر,1
وَلَا تَكْتُمُوا الشَّهَادَةَ,الآية تنهى عن كتمان الحق,0
وَلَا تَكْتُمُوا الشَّهَادَةَ,الآية تعني أن كتمان بعض المعلومات قد يكون مقبولًا دائمًا,1
وَاعْلَمُوا أَنَّ اللَّهَ يَعْلَمُ مَا فِي أَنفُسِكُمْ,الآية تشير إلى علم الله بما في القلوب,0
وَاعْلَمُوا أَنَّ اللَّهَ يَعْلَمُ مَا فِي أَنفُسِكُمْ,الآية تعني أن النية لا تؤثر طالما الفعل صحيح,1
وَإِنَّ اللَّهَ لَشَدِيدُ الْعِقَابِ,الآية تحذر من العقاب,0
وَإِنَّ اللَّهَ لَشَدِيدُ الْعِقَابِ,الآية تعني أن العقاب لا يحدث إلا في حالات نادرة جدًا,1
وَاعْفُوا وَاصْفَحُوا,الآية تدعو للعفو,0
وَاعْفُوا وَاصْفَحُوا,الآية تعني أن العفو يلغي الحاجة لأي عدل أو محاسبة,1
وَإِنَّ اللَّهَ لَغَفُورٌ رَّحِيمٌ,الآية تبين سعة المغفرة,0
وَإِنَّ اللَّهَ لَغَفُورٌ رَّحِيمٌ,الآية تعني أن المغفرة لا ترتبط بأي شرط أو توبة,1
وَلَا تَقْرَبُوا مَالَ الْيَتِيمِ,الآية تنهى عن التعدي على أموال الضعفاء,0
وَلَا تَقْرَبُوا مَالَ الْيَتِيمِ,الآية تعني أن الإدارة الشخصية للمال لا تدخل ضمن النهي,1
وَأَوْفُوا الْكَيْلَ وَالْمِيزَانَ,الآية تأمر بالعدل في المعاملات,0
وَأَوْفُوا الْكَيْلَ وَالْمِيزَانَ,الآية تعني أن الدقة مطلوبة فقط في الحالات الكبيرة,1
وَلَا تَبْخَسُوا النَّاسَ أَشْيَاءَهُمْ,النهي عن الظلم في الحقوق,0
وَلَا تَبْخَسُوا النَّاسَ أَشْيَاءَهُمْ,الآية تشير إلى أن التقليل البسيط لا يُعتبر ظلمًا,1
وَاتَّبِعُوا أَحْسَنَ مَا أُنزِلَ إِلَيْكُم,الآية تدعو لاتباع الأفضل,0
وَاتَّبِعُوا أَحْسَنَ مَا أُنزِلَ إِلَيْكُم,الآية تعني أن الاختيار بين الأحكام يعتمد على الرغبة الشخصية,1
وَلَا تَجْعَلُوا أَيْمَانَكُمْ دَخَلًا بَيْنَكُمْ,الآية تنهى عن التلاعب بالأيمان,0
وَلَا تَجْعَلُوا أَيْمَانَكُمْ دَخَلًا بَيْنَكُمْ,الآية تعني أن القسم لا يؤثر في صدق الفعل,1
وَأَنَّ اللَّهَ سَمِيعٌ عَلِيمٌ,الآية تؤكد سمع الله وعلمه,0
وَأَنَّ اللَّهَ سَمِيعٌ عَلِيمٌ,الآية تعني أن السمع يقتصر على الأقوال دون الأفعال,1
وَلَا تَكُونُوا ظَالِمِينَ,الآية تنهى عن الظلم,0
وَلَا تَكُونُوا ظَالِمِينَ,الآية تعني أن الظلم يُحدد حسب وجهة نظر الشخص,1
وَاتَّقُوا اللَّهَ لَعَلَّكُمْ تُرْحَمُونَ,التقوى سبب للرحمة,0
وَاتَّقُوا اللَّهَ لَعَلَّكُمْ تُرْحَمُونَ,الآية تعني أن الرحمة غير مرتبطة بسلوك الإنسان,1
وَلَا تَتَنَازَعُوا فَتَفْشَلُوا,الآية تحذر من النزاع,0
وَلَا تَتَنَازَعُوا فَتَفْشَلُوا,الآية تعني أن الاختلاف دائمًا يؤدي للفشل,1
وَاذْكُرُوا اللَّهَ لَعَلَّكُمْ تُفْلِحُونَ,الذكر سبب للفلاح,0
وَاذْكُرُوا اللَّهَ لَعَلَّكُمْ تُفْلِحُونَ,الآية تعني أن الذكر وحده كافٍ دون أي عمل,1
وَاعْلَمُوا أَنَّ اللَّهَ شَدِيدُ الْعِقَابِ,الآية تحذر من العقاب,0
وَاعْلَمُوا أَنَّ اللَّهَ شَدِيدُ الْعِقَابِ,الآية تعني أن العقاب يحدث دائمًا بشكل فوري,1
وَلَا تَقْفُ مَا لَيْسَ لَكَ بِهِ عِلْمٌ,النهي عن اتباع الظن,0
وَلَا تَقْفُ مَا لَيْسَ لَكَ بِهِ عِلْمٌ,الآية تعني أن الخبرة الشخصية تغني عن الدليل,1
وَأَنَّ اللَّهَ عَلَىٰ كُلِّ شَيْءٍ قَدِيرٌ,الآية تؤكد قدرة الله,0
وَأَنَّ اللَّهَ عَلَىٰ كُلِّ شَيْءٍ قَدِيرٌ,الآية تعني أن القدرة مرتبطة بظروف معينة فقط,1
وَإِن تُطِيعُوهُ تَهْتَدُوا,الآية تربط الهداية بطاعة الرسول,0
وَإِن تُطِيعُوهُ تَهْتَدُوا,الآية تعني أن الهداية تعتمد فقط على الطاعة دون أي فهم أو اقتناع,1
وَاصْبِرُوا وَرَابِطُوا,الآية تدعو للصبر مع الاستمرار والثبات,0
وَاصْبِرُوا وَرَابِطُوا,الآية تعني أن الصبر يعني التوقف عن أي محاولة للتغيير,1
وَلَا تَكُونُوا كَالَّذِينَ نَسُوا اللَّهَ,الآية تحذر من الغفلة عن ذكر الله,0
وَلَا تَكُونُوا كَالَّذِينَ نَسُوا اللَّهَ,الآية تشير إلى أن النسيان المقصود هو فقط ترك العبادات الظاهرة,1
وَاللَّهُ يُحِبُّ الْمُتَّقِينَ,الآية تبين أن التقوى سبب لمحبة الله,0
وَاللَّهُ يُحِبُّ الْمُتَّقِينَ,الآية تعني أن التقوى مرتبطة فقط بالمظهر الخارجي للإنسان,1
وَلَا تُفْسِدُوا فِي الْأَرْضِ,الآية تنهى عن الإفساد,0
وَلَا تُفْسِدُوا فِي الْأَرْضِ,الآية تعني أن الفساد يقاس فقط بنتائجه وليس بنية الفعل,1
وَاتَّقُوا اللَّهَ وَيُعَلِّمُكُمُ اللَّهُ,الآية تربط التقوى بالعلم,0
وَاتَّقُوا اللَّهَ وَيُعَلِّمُكُمُ اللَّهُ,الآية تعني أن العلم يأتي بدون أي سعي من الإنسان,1
وَأَقِيمُوا الشَّهَادَةَ لِلَّهِ,الآية تدعو للعدل في الشهادة,0
وَأَقِيمُوا الشَّهَادَةَ لِلَّهِ,الآية تعني أن الشهادة تكون حسب المصلحة الشخصية,1
وَلَا تَخُونُوا أَمَانَاتِكُمْ,الآية تنهى عن الخيانة,0
وَلَا تَخُونُوا أَمَانَاتِكُمْ,الآية تعني أن الخيانة قد تكون مبررة إذا كانت لتحقيق هدف,1
وَإِنَّ اللَّهَ لَذُو فَضْلٍ عَلَى النَّاسِ,الآية تشير إلى فضل الله على عباده,0
وَإِنَّ اللَّهَ لَذُو فَضْلٍ عَلَى النَّاسِ,الآية تعني أن الفضل يشمل الجميع بنفس الدرجة دائمًا,1
وَلَا تَتَّبِعِ الْهَوَى,الآية تنهى عن اتباع الهوى,0
وَلَا تَتَّبِعِ الْهَوَى,الآية تعني أن كل رغبات الإنسان خاطئة بالضرورة,1
وَأَقْرِضُوا اللَّهَ قَرْضًا حَسَنًا,الآية تدعو للإنفاق في سبيل الله,0
وَأَقْرِضُوا اللَّهَ قَرْضًا حَسَنًا,الآية تعني أن الإنفاق يكون مقابل عائد مادي مباشر,1
وَلَا تَكْتُمُوا الشَّهَادَةَ,الآية تنهى عن كتمان الحق,0
وَلَا تَكْتُمُوا الشَّهَادَةَ,الآية تعني أن كتمان بعض المعلومات قد يكون مقبولًا دائمًا,1
وَاعْلَمُوا أَنَّ اللَّهَ يَعْلَمُ مَا فِي أَنفُسِكُمْ,الآية تشير إلى علم الله بما في القلوب,0
وَاعْلَمُوا أَنَّ اللَّهَ يَعْلَمُ مَا فِي أَنفُسِكُمْ,الآية تعني أن النية لا تؤثر طالما الفعل صحيح,1
وَإِنَّ اللَّهَ لَشَدِيدُ الْعِقَابِ,الآية تحذر من العقاب,0
وَإِنَّ اللَّهَ لَشَدِيدُ الْعِقَابِ,الآية تعني أن العقاب لا يحدث إلا في حالات نادرة جدًا,1
وَاعْفُوا وَاصْفَحُوا,الآية تدعو للعفو,0
وَاعْفُوا وَاصْفَحُوا,الآية تعني أن العفو يلغي الحاجة لأي عدل أو محاسبة,1
وَإِنَّ اللَّهَ لَغَفُورٌ رَّحِيمٌ,الآية تبين سعة المغفرة,0
وَإِنَّ اللَّهَ لَغَفُورٌ رَّحِيمٌ,الآية تعني أن المغفرة لا ترتبط بأي شرط أو توبة,1
وَلَا تَقْرَبُوا مَالَ الْيَتِيمِ,الآية تنهى عن التعدي على أموال الضعفاء,0
وَلَا تَقْرَبُوا مَالَ الْيَتِيمِ,الآية تعني أن الإدارة الشخصية للمال لا تدخل ضمن النهي,1
وَأَوْفُوا الْكَيْلَ وَالْمِيزَانَ,الآية تأمر بالعدل في المعاملات,0
وَأَوْفُوا الْكَيْلَ وَالْمِيزَانَ,الآية تعني أن الدقة مطلوبة فقط في الحالات الكبيرة,1
وَلَا تَبْخَسُوا النَّاسَ أَشْيَاءَهُمْ,النهي عن الظلم في الحقوق,0
وَلَا تَبْخَسُوا النَّاسَ أَشْيَاءَهُمْ,الآية تشير إلى أن التقليل البسيط لا يُعتبر ظلمًا,1
وَاتَّبِعُوا أَحْسَنَ مَا أُنزِلَ إِلَيْكُم,الآية تدعو لاتباع الأفضل,0
وَاتَّبِعُوا أَحْسَنَ مَا أُنزِلَ إِلَيْكُم,الآية تعني أن الاختيار بين الأحكام يعتمد على الرغبة الشخصية,1
وَلَا تَجْعَلُوا أَيْمَانَكُمْ دَخَلًا بَيْنَكُمْ,الآية تنهى عن التلاعب بالأيمان,0
وَلَا تَجْعَلُوا أَيْمَانَكُمْ دَخَلًا بَيْنَكُمْ,الآية تعني أن القسم لا يؤثر في صدق الفعل,1
وَأَنَّ اللَّهَ سَمِيعٌ عَلِيمٌ,الآية تؤكد سمع الله وعلمه,0
وَأَنَّ اللَّهَ سَمِيعٌ عَلِيمٌ,الآية تعني أن السمع يقتصر على الأقوال دون الأفعال,1
وَلَا تَكُونُوا ظَالِمِينَ,الآية تنهى عن الظلم,0
وَلَا تَكُونُوا ظَالِمِينَ,الآية تعني أن الظلم يُحدد حسب وجهة نظر الشخص,1
وَاتَّقُوا اللَّهَ لَعَلَّكُمْ تُرْحَمُونَ,التقوى سبب للرحمة,0
وَاتَّقُوا اللَّهَ لَعَلَّكُمْ تُرْحَمُونَ,الآية تعني أن الرحمة غير مرتبطة بسلوك الإنسان,1
وَلَا تَتَنَازَعُوا فَتَفْشَلُوا,الآية تحذر من النزاع,0
وَلَا تَتَنَازَعُوا فَتَفْشَلُوا,الآية تعني أن الاختلاف دائمًا يؤدي للفشل,1
وَاذْكُرُوا اللَّهَ لَعَلَّكُمْ تُفْلِحُونَ,الذكر سبب للفلاح,0
وَاذْكُرُوا اللَّهَ لَعَلَّكُمْ تُفْلِحُونَ,الآية تعني أن الذكر وحده كافٍ دون أي عمل,1
وَاعْلَمُوا أَنَّ اللَّهَ شَدِيدُ الْعِقَابِ,الآية تحذر من العقاب,0
وَاعْلَمُوا أَنَّ اللَّهَ شَدِيدُ الْعِقَابِ,الآية تعني أن العقاب يحدث دائمًا بشكل فوري,1
وَلَا تَقْفُ مَا لَيْسَ لَكَ بِهِ عِلْمٌ,النهي عن اتباع الظن,0
وَلَا تَقْفُ مَا لَيْسَ لَكَ بِهِ عِلْمٌ,الآية تعني أن الخبرة الشخصية تغني عن الدليل,1
وَأَنَّ اللَّهَ عَلَىٰ كُلِّ شَيْءٍ قَدِيرٌ,الآية تؤكد قدرة الله,0
وَأَنَّ اللَّهَ عَلَىٰ كُلِّ شَيْءٍ قَدِيرٌ,الآية تعني أن القدرة مرتبطة بظروف معينة فقط,1
وَأَمْرُهُمْ إِلَى اللَّهِ,الآية تدل على أن الحكم النهائي لله في الأمور,0
وَأَمْرُهُمْ إِلَى اللَّهِ,الآية تعني أن الإنسان لا دور له في اتخاذ القرارات,1
وَإِلَيْهِ يُرْجَعُ الْأَمْرُ كُلُّهُ,الآية تشير إلى أن كل الأمور تعود إلى الله,0
وَإِلَيْهِ يُرْجَعُ الْأَمْرُ كُلُّهُ,الآية تعني أن الأحداث تسير دون مسؤولية بشرية,1
وَأَنَّ اللَّهَ لَا يُضِيعُ أَجْرَ الْمُؤْمِنِينَ,الآية تبين أن العمل الصالح محفوظ,0
وَأَنَّ اللَّهَ لَا يُضِيعُ أَجْرَ الْمُؤْمِنِينَ,الآية تعني أن النتائج قد تضيع إذا لم تُلاحظ,1
وَإِنَّ اللَّهَ يَعْلَمُ مَا تَصْنَعُونَ,الآية تدل على علم الله بالأعمال,0
وَإِنَّ اللَّهَ يَعْلَمُ مَا تَصْنَعُونَ,الآية تعني أن العلم يقتصر على الأفعال الظاهرة,1
وَاتَّقُوا اللَّهَ حَقَّ تُقَاتِهِ,الآية تدعو للتقوى الكاملة,0
وَاتَّقُوا اللَّهَ حَقَّ تُقَاتِهِ,الآية تعني أن الوصول للتقوى الكاملة غير مطلوب فعليًا,1
وَإِنَّ اللَّهَ لَا يُحِبُّ كُلَّ خَوَّانٍ كَفُورٍ,الآية تنهى عن الخيانة والكفر,0
وَإِنَّ اللَّهَ لَا يُحِبُّ كُلَّ خَوَّانٍ كَفُورٍ,الآية تعني أن الخيانة تُقاس فقط بنتائجها,1
وَاعْبُدُوا اللَّهَ مُخْلِصِينَ لَهُ الدِّينَ,الآية تدعو للإخلاص في العبادة,0
وَاعْبُدُوا اللَّهَ مُخْلِصِينَ لَهُ الدِّينَ,الآية تعني أن الإخلاص لا يؤثر طالما العمل موجود,1
وَإِنَّ اللَّهَ يَرَىٰ مَا تَعْمَلُونَ,الآية تؤكد مراقبة الله للأعمال,0
وَإِنَّ اللَّهَ يَرَىٰ مَا تَعْمَلُونَ,الآية تعني أن بعض الأفعال لا تدخل في الحساب,1
وَاصْبِرُوا إِنَّ اللَّهَ مَعَ الصَّابِرِينَ,الآية تدعو للصبر مع معية الله,0
وَاصْبِرُوا إِنَّ اللَّهَ مَعَ الصَّابِرِينَ,الآية تعني أن الصبر يلغي الحاجة لأي تخطيط,1
وَاتَّقُوا اللَّهَ وَأَطِيعُونِ,الآية تربط الطاعة بالتقوى,0
وَاتَّقُوا اللَّهَ وَأَطِيعُونِ,الآية تعني أن الطاعة مرتبطة فقط بالمواقف الدينية,1
وَأَقِيمُوا الْوَزْنَ بِالْقِسْطِ,الآية تدعو للعدل,0
وَأَقِيمُوا الْوَزْنَ بِالْقِسْطِ,الآية تعني أن العدل لا يشمل التفاصيل الصغيرة,1
وَلَا تَجْعَلُوا أَيْمَانَكُمْ عُرْضَةً,الآية تنهى عن التلاعب بالأيمان,0
وَلَا تَجْعَلُوا أَيْمَانَكُمْ عُرْضَةً,الآية تعني أن القسم لا يؤثر على السلوك,1
وَاعْلَمُوا أَنَّ اللَّهَ مَعَ الْمُتَّقِينَ,الآية تدل على معية الله للمتقين,0
وَاعْلَمُوا أَنَّ اللَّهَ مَعَ الْمُتَّقِينَ,الآية تعني أن النتائج مستقلة عن التقوى,1
وَإِنَّ اللَّهَ لَا يُحِبُّ الْمُسْرِفِينَ,الآية تنهى عن الإسراف,0
وَإِنَّ اللَّهَ لَا يُحِبُّ الْمُسْرِفِينَ,الآية تعني أن الإسراف مقبول إذا كان له مبرر,1
وَأَحْسِنُوا إِنَّ اللَّهَ يُحِبُّ الْمُحْسِنِينَ,الآية تدعو للإحسان,0
وَأَحْسِنُوا إِنَّ اللَّهَ يُحِبُّ الْمُحْسِنِينَ,الآية تعني أن الإحسان لا يؤثر في النتائج,1
وَاتَّقُوا اللَّهَ لَعَلَّكُمْ تُفْلِحُونَ,الآية تربط التقوى بالفلاح,0
وَاتَّقُوا اللَّهَ لَعَلَّكُمْ تُفْلِحُونَ,الآية تعني أن الفلاح لا يعتمد على سلوك الإنسان,1
وَلَا تَتَّبِعُوا خُطُوَاتِ الشَّيْطَانِ,الآية تنهى عن اتباع الخطأ,0
وَلَا تَتَّبِعُوا خُطُوَاتِ الشَّيْطَانِ,الآية تعني أن بعض الأخطاء الصغيرة لا تدخل ضمن النهي,1
وَاعْلَمُوا أَنَّ اللَّهَ شَدِيدُ الْعِقَابِ,الآية تحذر من العقاب,0
وَاعْلَمُوا أَنَّ اللَّهَ شَدِيدُ الْعِقَابِ,الآية تعني أن العقاب غير مؤثر في الواقع,1
وَأَنَّ اللَّهَ غَفُورٌ رَّحِيمٌ,الآية تبين سعة المغفرة,0
وَأَنَّ اللَّهَ غَفُورٌ رَّحِيمٌ,الآية تعني أن المغفرة لا ترتبط بأي تغيير في السلوك,
وَإِن تَعُدُّوا نِعْمَةَ اللَّهِ لَا تُحْصُوهَا,الآية تبين كثرة نعم الله وعجز الإنسان عن إحصائها,0
وَإِن تَعُدُّوا نِعْمَةَ اللَّهِ لَا تُحْصُوهَا,الآية تشير إلى أن النعم لا تحتاج شكرًا لأنها كثيرة بطبيعتها,1
وَبِالْوَالِدَيْنِ إِحْسَانًا,الآية تأمر بالإحسان إلى الوالدين والبر بهما,0
وَبِالْوَالِدَيْنِ إِحْسَانًا,الآية تجعل الإحسان للوالدين مرتبطًا برضا الإنسان الشخصي فقط,1
وَلَا تَقُل لَّهُمَا أُفٍّ,الآية تنهى عن أدنى صور التضجر من الوالدين,0
وَلَا تَقُل لَّهُمَا أُفٍّ,الآية تقصد منع الألفاظ فقط ولا تشمل سوء التعامل,1
وَاخْفِضْ لَهُمَا جَنَاحَ الذُّلِّ مِنَ الرَّحْمَةِ,الآية تدعو للتواضع والرحمة مع الوالدين,0
وَاخْفِضْ لَهُمَا جَنَاحَ الذُّلِّ مِنَ الرَّحْمَةِ,الآية تعني أن الطاعة تكون مطلقة دون اعتبار للحق والباطل,1
رَّبِّ زِدْنِي عِلْمًا,الآية تدعو إلى طلب الزيادة من العلم,0
رَّبِّ زِدْنِي عِلْمًا,الآية تجعل العلم غاية شكلية لا علاقة لها بالعمل,1
وَقُل رَّبِّ ارْحَمْهُمَا كَمَا رَبَّيَانِي صَغِيرًا,الآية تحث على الدعاء للوالدين بالرحمة,0
وَقُل رَّبِّ ارْحَمْهُمَا كَمَا رَبَّيَانِي صَغِيرًا,الآية تشير إلى أن البر يقتصر على الدعاء فقط,1
إِنَّمَا الْمُؤْمِنُونَ إِخْوَةٌ,الآية تؤكد رابطة الأخوة بين المؤمنين,0
إِنَّمَا الْمُؤْمِنُونَ إِخْوَةٌ,الآية تعني أن الأخوة تلغي الحاجة للعدل عند الخلاف,1
فَأَصْلِحُوا بَيْنَ أَخَوَيْكُمْ,الآية تدعو للإصلاح بين المتخاصمين,0
فَأَصْلِحُوا بَيْنَ أَخَوَيْكُمْ,الآية تعني أن الصلح مطلوب حتى لو ضاعت الحقوق,1
وَلَا يَسْخَرْ قَوْمٌ مِّن قَوْمٍ,الآية تنهى عن السخرية والاستهزاء بالآخرين,0
وَلَا يَسْخَرْ قَوْمٌ مِّن قَوْمٍ,الآية تجعل السخرية مقبولة إذا كانت على سبيل المزاح,1
وَلَا تَنَابَزُوا بِالْأَلْقَابِ,الآية تنهى عن مناداة الناس بما يكرهون,0
وَلَا تَنَابَزُوا بِالْأَلْقَابِ,الآية تقصر النهي على الألقاب الواضحة ولا تشمل الإيحاءات,1
اجْتَنِبُوا كَثِيرًا مِّنَ الظَّنِّ,الآية تحذر من كثرة سوء الظن,0
اجْتَنِبُوا كَثِيرًا مِّنَ الظَّنِّ,الآية تعني أن الظن يصير مقبولًا إذا كان مبنيًا على الانطباع,1
وَلَا يَغْتَب بَّعْضُكُم بَعْضًا,الآية تنهى عن الغيبة وذكر الناس بما يكرهون,0
وَلَا يَغْتَب بَّعْضُكُم بَعْضًا,الآية تسمح بذكر عيوب الآخرين إذا كانت منتشرة بينهم,1
إِنَّ أَكْرَمَكُمْ عِندَ اللَّهِ أَتْقَاكُمْ,الآية تجعل معيار التفاضل الحقيقي هو التقوى,0
إِنَّ أَكْرَمَكُمْ عِندَ اللَّهِ أَتْقَاكُمْ,الآية تشير إلى أن المكانة الاجتماعية علامة على التقوى,1
وَمَا خَلَقْتُ الْجِنَّ وَالْإِنسَ إِلَّا لِيَعْبُدُونِ,الآية تبين أن الغاية من الخلق هي عبادة الله,0
وَمَا خَلَقْتُ الْجِنَّ وَالْإِنسَ إِلَّا لِيَعْبُدُونِ,الآية تعني أن العبادة منفصلة عن السلوك اليومي,1
إِنَّ اللَّهَ هُوَ الرَّزَّاقُ ذُو الْقُوَّةِ الْمَتِينُ,الآية تؤكد أن الرزق بيد الله,0
إِنَّ اللَّهَ هُوَ الرَّزَّاقُ ذُو الْقُوَّةِ الْمَتِينُ,الآية تعني أن طلب الرزق والسعي له غير مطلوبين,1
وَمَا تُقَدِّمُوا لِأَنفُسِكُم مِّنْ خَيْرٍ تَجِدُوهُ عِندَ اللَّهِ,الآية تبين أن الخير محفوظ عند الله,0
وَمَا تُقَدِّمُوا لِأَنفُسِكُم مِّنْ خَيْرٍ تَجِدُوهُ عِندَ اللَّهِ,الآية تجعل قيمة العمل مرتبطة برؤية الناس له,1
فَاذْكُرُونِي أَذْكُرْكُمْ,الآية تحث على ذكر الله وتبين فضله,0
فَاذْكُرُونِي أَذْكُرْكُمْ,الآية تعني أن الذكر يغني عن بقية الأعمال الصالحة,1
وَاشْكُرُوا لِي وَلَا تَكْفُرُونِ,الآية تأمر بشكر الله وعدم جحد النعمة,0
وَاشْكُرُوا لِي وَلَا تَكْفُرُونِ,الآية تجعل الشكر شعورًا داخليًا لا يظهر في السلوك,1
وَلَنَبْلُوَنَّكُم بِشَيْءٍ مِّنَ الْخَوْفِ وَالْجُوعِ,الآية تبين أن الابتلاء سنة من سنن الحياة,0
وَلَنَبْلُوَنَّكُم بِشَيْءٍ مِّنَ الْخَوْفِ وَالْجُوعِ,الآية تعني أن الابتلاء دليل على ضعف الإيمان دائمًا,1
وَبَشِّرِ الصَّابِرِينَ,الآية تبشر أهل الصبر بالخير والثواب,0
وَبَشِّرِ الصَّابِرِينَ,الآية تجعل الصبر مجرد انتظار دون وعي أو عمل,1
إِنَّا لِلَّهِ وَإِنَّا إِلَيْهِ رَاجِعُونَ,الآية تذكر بأن الإنسان ملك لله ومرجعه إليه,0
إِنَّا لِلَّهِ وَإِنَّا إِلَيْهِ رَاجِعُونَ,الآية تعني أن الحزن لا يجوز عند المصيبة,1
أُولَٰئِكَ عَلَيْهِمْ صَلَوَاتٌ مِّن رَّبِّهِمْ وَرَحْمَةٌ,الآية تبين فضل الصابرين ونيلهم رحمة الله,0
أُولَٰئِكَ عَلَيْهِمْ صَلَوَاتٌ مِّن رَّبِّهِمْ وَرَحْمَةٌ,الآية تجعل الرحمة مرتبطة بالمصيبة نفسها لا بموقف الإنسان منها,1
لَا يُكَلِّفُ اللَّهُ نَفْسًا إِلَّا مَا آتَاهَا,الآية تدل على أن التكليف يكون بحسب ما أعطى الله للإنسان,0
لَا يُكَلِّفُ اللَّهُ نَفْسًا إِلَّا مَا آتَاهَا,الآية تعني أن الإنسان غير مسؤول عن تطوير قدرته أو اختياره,1
سَيَجْعَلُ اللَّهُ بَعْدَ عُسْرٍ يُسْرًا,الآية تبث الأمل بأن الله يجعل بعد الشدة فرجًا,0
سَيَجْعَلُ اللَّهُ بَعْدَ عُسْرٍ يُسْرًا,الآية تعني أن الفرج يحدث بلا أسباب ولا صبر,1
وَمَن يَتَّقِ اللَّهَ يَجْعَل لَّهُ مَخْرَجًا,الآية تبين أن التقوى سبب للخروج من الشدائد,0
وَمَن يَتَّقِ اللَّهَ يَجْعَل لَّهُ مَخْرَجًا,الآية تعني أن التقوى تضمن حلًا سريعًا لكل مشكلة,1
وَيَرْزُقْهُ مِنْ حَيْثُ لَا يَحْتَسِبُ,الآية تبين أن الله قد يفتح الرزق من طرق غير متوقعة,0
وَيَرْزُقْهُ مِنْ حَيْثُ لَا يَحْتَسِبُ,الآية تعني أن التخطيط للرزق يناقض التوكل,1
وَمَن يَتَوَكَّلْ عَلَى اللَّهِ فَهُوَ حَسْبُهُ,الآية تبين كفاية الله لمن يتوكل عليه,0
وَمَن يَتَوَكَّلْ عَلَى اللَّهِ فَهُوَ حَسْبُهُ,الآية تفهم التوكل على أنه ترك للأسباب بالكامل,1
قَدْ جَعَلَ اللَّهُ لِكُلِّ شَيْءٍ قَدْرًا,الآية تدل على أن الله جعل لكل أمر تقديرًا,0
قَدْ جَعَلَ اللَّهُ لِكُلِّ شَيْءٍ قَدْرًا,الآية تعني أن نتائج الإنسان ثابتة ولا تتأثر بسعيه,1
إِنَّ اللَّهَ بَالِغُ أَمْرِهِ,الآية تؤكد نفاذ أمر الله وقدرته,0
إِنَّ اللَّهَ بَالِغُ أَمْرِهِ,الآية تعني أن الإنسان لا قيمة لاختياراته لأن الأمر نافذ,1
وَلَقَدْ كَرَّمْنَا بَنِي آدَمَ,الآية تبين تكريم الله للإنسان,0
وَلَقَدْ كَرَّمْنَا بَنِي آدَمَ,الآية تجعل التكريم سببًا للاستغناء عن المسؤولية,1
وَحَمَلْنَاهُمْ فِي الْبَرِّ وَالْبَحْرِ,الآية تشير إلى تسخير الله للإنسان أسباب التنقل والمعيشة,0
وَحَمَلْنَاهُمْ فِي الْبَرِّ وَالْبَحْرِ,الآية تعني أن الإنسان يملك الأرض والبحر دون ضوابط,1
وَرَزَقْنَاهُم مِّنَ الطَّيِّبَاتِ,الآية تبين نعمة الله في الرزق الطيب,0
وَرَزَقْنَاهُم مِّنَ الطَّيِّبَاتِ,الآية تشير إلى أن كل ما يرغبه الإنسان يعد طيبًا له,1
وَفَضَّلْنَاهُمْ عَلَىٰ كَثِيرٍ مِّمَّنْ خَلَقْنَا تَفْضِيلًا,الآية تبين فضل الإنسان وتكريمه,0
وَفَضَّلْنَاهُمْ عَلَىٰ كَثِيرٍ مِّمَّنْ خَلَقْنَا تَفْضِيلًا,الآية تعني أن الإنسان أفضل مطلقًا بلا عمل أو تقوى,1
وَمَا أُوتِيتُم مِّنَ الْعِلْمِ إِلَّا قَلِيلًا,الآية تذكر بمحدودية علم الإنسان,0
وَمَا أُوتِيتُم مِّنَ الْعِلْمِ إِلَّا قَلِيلًا,الآية تعني أن طلب العلم لا يغير شيئًا لأن العلم قليل,1
إِنَّ الْإِنسَانَ لِرَبِّهِ لَكَنُودٌ,الآية تصف جحود الإنسان لنعمة ربه,0
إِنَّ الْإِنسَانَ لِرَبِّهِ لَكَنُودٌ,الآية تعمم الحكم على كل فرد بأنه لا يمكن أن يشكر النعمة,1
وَإِنَّهُ عَلَىٰ ذَٰلِكَ لَشَهِيدٌ,الآية تشير إلى أن الإنسان يدرك كثيرًا من تقصيره,0
وَإِنَّهُ عَلَىٰ ذَٰلِكَ لَشَهِيدٌ,الآية تجعل إدراك الخطأ كافيًا دون إصلاحه,1
وَإِنَّهُ لِحُبِّ الْخَيْرِ لَشَدِيدٌ,الآية تصف تعلق الإنسان بالمال والخير الدنيوي,0
وَإِنَّهُ لِحُبِّ الْخَيْرِ لَشَدِيدٌ,الآية تمدح التعلق الشديد بالمال باعتباره خيرًا مطلقًا,1
فَمَن يَعْمَلْ مِثْقَالَ ذَرَّةٍ خَيْرًا يَرَهُ,الآية تبين أن أدق أعمال الخير لا تضيع,0
فَمَن يَعْمَلْ مِثْقَالَ ذَرَّةٍ خَيْرًا يَرَهُ,الآية تعني أن العمل الصغير يكفي عن جميع الواجبات,1
وَمَن يَعْمَلْ مِثْقَالَ ذَرَّةٍ شَرًّا يَرَهُ,الآية تبين أن أدق أعمال الشر محسوبة,0
وَمَن يَعْمَلْ مِثْقَالَ ذَرَّةٍ شَرًّا يَرَهُ,الآية تجعل الخطأ الصغير مساويًا لكل الذنوب الكبيرة,1
إِنَّ رَبَّهُم بِهِمْ يَوْمَئِذٍ لَّخَبِيرٌ,الآية تؤكد علم الله التام بأحوال العباد,0
إِنَّ رَبَّهُم بِهِمْ يَوْمَئِذٍ لَّخَبِيرٌ,الآية تعني أن علم الله يظهر فقط يوم القيامة,1
وَالْعَصْرِ,القسم بالعصر يلفت إلى أهمية الزمن وخطورة ضياعه,0
وَالْعَصْرِ,الآية تعني أن الزمن وحده سبب خسارة الإنسان,1
إِنَّ الْإِنسَانَ لَفِي خُسْرٍ,الآية تبين أن الإنسان خاسر إذا لم يحقق شروط النجاة,0
إِنَّ الْإِنسَانَ لَفِي خُسْرٍ,الآية تعني أن الخسارة قدر لا يمكن الخروج منه,1
إِلَّا الَّذِينَ آمَنُوا وَعَمِلُوا الصَّالِحَاتِ,الآية تربط النجاة بالإيمان والعمل الصالح,0
إِلَّا الَّذِينَ آمَنُوا وَعَمِلُوا الصَّالِحَاتِ,الآية تجعل الإيمان كافيًا دون أثر عملي في السلوك,1
وَتَوَاصَوْا بِالْحَقِّ,الآية تحث على التناصح بالحق,0
وَتَوَاصَوْا بِالْحَقِّ,الآية تعني أن قول الحق أهم من طريقة قوله وآثاره,1
وَتَوَاصَوْا بِالصَّبْرِ,الآية تحث على التواصي بالصبر والثبات,0
وَتَوَاصَوْا بِالصَّبْرِ,الآية تعني أن الصبر يقتصر على تحمل الأذى دون تغيير,1
"إِنَّ اللَّهَ مَعَ الصَّابِرِينَ","يفيد النص أن الصبر وحده يغني الإنسان عن السعي والعمل، وأن انتظار الفرج دون اتخاذ الأسباب هو المقصود من المعية الإلهية.",1
"وَلَا تَقْرَبُوا الزِّنَى","يدل النهي على تحريم فعل الزنا فقط، أما المقدمات التي تقود إليه فلا تدخل في معنى التحذير ما دامت لم تصل إلى الفعل نفسه.",1
"لَا إِكْرَاهَ فِي الدِّينِ","يفهم من الآية أن الإنسان لا يُسأل عن اختياره الديني ولا يترتب على ذلك أي مسؤولية أمام الله.",1
"إِنَّ اللَّهَ لَا يُحِبُّ الظَّالِمِينَ","تدل الآية على أن الظلم لا يؤثر في مكانة صاحبه عند الله إذا كان يقصد مصلحة أو يرى أن تصرفه نافع.",1
"وَاللَّهُ عَلِيمٌ بِمَا تَعْمَلُونَ","المعنى أن علم الله يتعلق بالأعمال الظاهرة التي يراها الناس، أما النيات وما يخفى في الصدور فليست داخلة في هذا السياق.",1
"إِنَّ اللَّهَ غَفُورٌ رَحِيمٌ","يشير النص إلى أن المغفرة تحصل للعبد دون حاجة إلى توبة أو رجوع عن الذنب، لأن الرحمة تشمل جميع الأفعال بلا شرط.",1
"وَأَقِيمُوا الصَّلَاةَ","المقصود إقامة الصلاة من حيث الاعتقاد بأهميتها فقط، وليس الالتزام بأدائها في أوقاتها وهيئتها المشروعة.",1
"وَآتُوا الزَّكَاةَ","تفيد الآية أن الزكاة أمر اختياري يُترك لتقدير الشخص متى رأى أن ماله زائد عن حاجته.",1
"إِنَّ اللَّهَ يُحِبُّ الْمُحْسِنِينَ","تدل الآية على أن الإحسان يكفي وحده ولو صاحبه ترك للفرائض، لأن محبة الله هنا مرتبطة بحسن التعامل فقط.",1
"وَلَا تَبْخَسُوا النَّاسَ أَشْيَاءَهُمْ","المعنى خاص بالتجارة والبيع فقط، ولا يشمل التقليل من حقوق الناس المعنوية أو إنكار فضلهم وجهودهم.",1
"إِنَّمَا الْمُؤْمِنُونَ إِخْوَةٌ","تفيد الآية أن الأخوة الإيمانية تلغي الحاجة إلى العدل عند الخلاف، لأن رابطة الإيمان تكفي لتجاوز الحقوق.",1
"وَقُولُوا لِلنَّاسِ حُسْنًا","المقصود أن الكلام الحسن مطلوب فقط مع من يحسن التعامل معك، أما غير ذلك فلا يدخل في التوجيه.",1
"وَلَا تَمْشِ فِي الْأَرْضِ مَرَحًا","تدل الآية على النهي عن المشي بسرعة أو بطريقة ظاهرة فقط، ولا علاقة لها بالكِبر أو الشعور بالتعالي.",1
"إِنَّ اللَّهَ سَرِيعُ الْحِسَابِ","يفهم من الآية أن حساب الله يقع مباشرة في الدنيا لكل إنسان، وأن تأخر العقوبة يدل على عدم وجود مؤاخذة.",1
"وَمَا تَوْفِيقِي إِلَّا بِاللَّهِ","المعنى أن الإنسان لا دور له في النجاح مطلقًا، وأن الجهد والتخطيط لا قيمة لهما أمام التوفيق الإلهي.",1
"وَلَا تَيْأَسُوا مِنْ رَوْحِ اللَّهِ","تفيد الآية أن التفاؤل وحده يكفي لتغيير الحال دون عمل أو توبة أو إصلاح للأسباب.",1
"إِنَّ اللَّهَ شَدِيدُ الْعِقَابِ","تدل الآية على أن جانب العقوبة هو الأصل الوحيد في التعامل مع العباد، ولا يدخل معها معنى الرحمة أو المغفرة.",1
"وَرَحْمَتِي وَسِعَتْ كُلَّ شَيْءٍ","يفهم من الآية أن الرحمة تشمل العبد ولو أصر على الذنب واستمر في الظلم دون ندم أو إصلاح.",1
"وَاصْبِرْ وَمَا صَبْرُكَ إِلَّا بِاللَّهِ","المعنى أن الصبر حالة تحصل بلا مجاهدة من الإنسان، فلا يحتاج إلى ضبط النفس أو مقاومة الجزع.",1
"إِنَّ اللَّهَ كَانَ عَلَيْكُمْ رَقِيبًا","تدل الآية على أن الرقابة الإلهية متعلقة بالأفعال الكبيرة فقط، أما التفاصيل الصغيرة فلا تدخل في هذا المعنى.",1
"وَلَا تَعْتَدُوا إِنَّ اللَّهَ لَا يُحِبُّ الْمُعْتَدِينَ","المقصود بالاعتداء هنا القتال فقط، ولا يشمل تجاوز الحدود في الكلام أو الحقوق أو التعامل مع الآخرين.",1
"وَتَعَاوَنُوا عَلَى الْبِرِّ وَالتَّقْوَى","تفيد الآية أن التعاون مطلوب في كل أمر يراه الناس نافعًا، حتى لو كان مخالفًا للحق أو قائمًا على ظلم غير ظاهر.",1
"وَلَا تَعَاوَنُوا عَلَى الْإِثْمِ وَالْعُدْوَانِ","المعنى أن النهي يختص بالمشاركة المباشرة في الذنب، أما تسهيله أو تبريره للآخرين فلا يدخل في التعاون المنهي عنه.",1
"إِنَّ اللَّهَ يُحِبُّ الْمُتَوَكِّلِينَ","تدل الآية على أن التوكل يعني ترك التخطيط والاعتماد على حصول النتائج دون بذل الأسباب.",1
"وَعَسَى أَنْ تَكْرَهُوا شَيْئًا وَهُوَ خَيْرٌ لَكُمْ","يفهم من الآية أن كل ما يكرهه الإنسان يكون خيرًا له بالضرورة، دون اعتبار للسياق أو الحكمة أو عواقب الأفعال.",1
"وَلَا تَجَسَّسُوا","المقصود منع التجسس على الغرباء فقط، أما تتبع خصوصيات القريب أو الصديق فلا يدخل في النهي إذا كان بدافع الاهتمام.",1
"وَلَا يَغْتَبْ بَعْضُكُمْ بَعْضًا","تفيد الآية أن الغيبة تكون محرمة فقط إذا كان الكلام كذبًا، أما ذكر العيوب الحقيقية فلا يُعد داخلًا في النهي.",1
"إِنَّ أَكْرَمَكُمْ عِنْدَ اللَّهِ أَتْقَاكُمْ","المعنى أن التقوى تمنح صاحبها أفضلية اجتماعية مطلقة على الناس، حتى في الحقوق والمعاملة.",1
"فَاذْكُرُونِي أَذْكُرْكُمْ","تدل الآية على أن الذكر اللفظي وحده يكفي ولو خالفه العمل والسلوك، لأن المقصود مجرد التلفظ بالأذكار.",1
"وَاسْتَعِينُوا بِالصَّبْرِ وَالصَّلَاةِ","يفهم من الآية أن الاستعانة بالصلاة تعني الاكتفاء بالدعاء والعبادة دون معالجة الأسباب الواقعية للمشكلة.",1
"إِنَّ اللَّهَ لَا يَغْفِرُ أَنْ يُشْرَكَ بِهِ","يفهم من الآية أن الشرك يُغفر إذا كان صاحبه حسن النية أو لم يقصد الإساءة.",1
"وَمَنْ يَعْمَلْ مِثْقَالَ ذَرَّةٍ خَيْرًا يَرَهُ","تدل الآية على أن الأعمال الصغيرة لا قيمة لها ولا يُعتد بها في الحساب.",1
"وَمَنْ يَعْمَلْ مِثْقَالَ ذَرَّةٍ شَرًّا يَرَهُ","المعنى أن السيئات البسيطة تُمحى تلقائيًا ولا تظهر في حساب الإنسان.",1
"إِنَّ الْإِنسَانَ لَفِي خُسْرٍ","تفيد الآية أن كل إنسان خاسر بطبيعته ولا يمكنه النجاة مهما عمل.",1
"إِلَّا الَّذِينَ آمَنُوا وَعَمِلُوا الصَّالِحَاتِ","المقصود أن الإيمان وحده يكفي للنجاة دون الحاجة للأعمال الصالحة.",1
"وَالْعَصْرِ","تدل الآية على قسم بالزمن دون أي دلالة أخرى تتعلق بحال الإنسان أو سلوكه.",1
"وَإِذَا قُلْتُمْ فَاعْدِلُوا","المعنى أن العدل مطلوب فقط في الشهادة الرسمية وليس في الكلام اليومي أو النقاشات.",1
"وَلَا تَكُونُوا كَالَّذِينَ نَسُوا اللَّهَ","تفيد الآية أن نسيان الله يقتصر على ترك الذكر فقط دون تأثير على السلوك أو الأعمال.",1
"وَاصْفَحِ الصَّفْحَ الْجَمِيلَ","تدل الآية على أن الصفح يعني التنازل عن الحقوق دائمًا حتى في حال الظلم المستمر.",1
"وَلَا تُسْرِفُوا","المقصود بالإسراف هو الإنفاق الكبير فقط، أما التبذير في الأمور الصغيرة فلا يدخل في النهي.",1
"وَاللَّهُ خَيْرُ الرَّازِقِينَ","تفيد الآية أن الرزق يأتي دون حاجة للعمل أو السعي لأنه مضمون بالكامل.",1
"وَلَا تَقْفُ مَا لَيْسَ لَكَ بِهِ عِلْمٌ","المعنى أن النهي يخص الأمور العلمية فقط، ولا يشمل نقل الأخبار أو الكلام بين الناس.",1
"إِنَّ مَعَ الْعُسْرِ يُسْرًا","تدل الآية على أن اليسر يأتي مباشرة بعد العسر دون أي تأخير أو اختبار.",1
"فَإِنَّ مَعَ الْعُسْرِ يُسْرًا","المعنى أن وجود العسر يعني انتهاء اليسر تمامًا وعدم عودته لاحقًا.",1
"وَاعْبُدُوا اللَّهَ وَلَا تُشْرِكُوا بِهِ شَيْئًا","تفيد الآية أن الشرك الصغير أو غير المقصود لا يدخل ضمن النهي.",1
"وَبِالْوَالِدَيْنِ إِحْسَانًا","المقصود بالإحسان هو الطاعة فقط، دون مراعاة مشاعرهم أو حسن التعامل معهم.",1
"وَآتِ ذَا الْقُرْبَى حَقَّهُ","تدل الآية على أن إعطاء القريب حقه أمر مستحب وليس واجبًا.",1
"وَلَا تَبْذِرْ تَبْذِيرًا","المعنى أن التبذير يكون فقط في المال الكثير، أما القليل فلا يؤثر.",1
"إِنَّ الْمُبَذِّرِينَ كَانُوا إِخْوَانَ الشَّيَاطِينِ","تفيد الآية أن التبذير لا يكون مذمومًا إلا إذا وصل لدرجة كبيرة جدًا.",1
"وَاخْفِضْ لَهُمَا جَنَاحَ الذُّلِّ مِنَ الرَّحْمَةِ","المقصود إظهار الضعف أمام الوالدين دون أن يكون ذلك نابعًا من الرحمة أو الاحترام.",1
"وَقُلْ رَبِّ ارْحَمْهُمَا","تدل الآية على أن الدعاء للوالدين يغني عن برّهم في حياتهم.",1
"إِنَّ الشَّيْطَانَ لِلْإِنسَانِ عَدُوٌّ مُبِينٌ","المعنى أن عداوة الشيطان تكون فقط في الأمور الكبيرة وليس في التفاصيل اليومية.",1
"فَاتَّخِذُوهُ عَدُوًّا","تفيد الآية أن مجاهدة الشيطان تكون بالقلب فقط دون تأثير على الأفعال.",1
"إِنَّ اللَّهَ يُحِبُّ التَّوَّابِينَ","تدل الآية على أن التوبة لا تحتاج إلى ترك الذنب أو الندم عليه.",1
"وَيُحِبُّ الْمُتَطَهِّرِينَ","المقصود بالطهارة النظافة الظاهرة فقط دون طهارة القلب أو النية.",1
"وَلَا تَأْكُلُوا أَمْوَالَكُمْ بَيْنَكُمْ بِالْبَاطِلِ","المعنى أن الأكل بالباطل يقتصر على السرقة فقط دون باقي صور الظلم المالي.",1
"وَأَوْفُوا بِالْعَهْدِ","تفيد الآية أن الوفاء بالعهد يكون فقط في العقود الرسمية وليس في الوعود الشخصية.",1
"إِنَّ الْعَهْدَ كَانَ مَسْؤُولًا","تدل الآية على أن المسؤولية عن العهد تكون في الدنيا فقط دون حساب في الآخرة.",1
"وَلَا تَقْتُلُوا النَّفْسَ الَّتِي حَرَّمَ اللَّهُ","المقصود النهي عن القتل المباشر فقط دون التسبب غير المباشر في الأذى.",1
"إن كيدكن عظيم","الآية في سياق قصة يوسف ولا تعمم على جميع النساء",0
"إن كيدكن عظيم","هذا دليل أن كل النساء كيدهن عظيم بطبيعتهم دائمًا",1
"إن كيدكن عظيم","قد يظهر المكر في بعض المواقف عند بعض النساء",0
"إن كيدكن عظيم","النساء غالبًا يكون عندهم مكر في كل الحالات",1
"إن كيدكن عظيم","المقصود حالة معينة وليس حكم عام",0
"إن كيدكن عظيم","هذا يثبت أن النساء بطبيعتهم كذلك دائمًا",1
"لا يكلف الله نفسا إلا وسعها","الله لا يفرض على الإنسان ما لا يستطيع",0
"لا يكلف الله نفسا إلا وسعها","الإنسان يقدر يتحمل أي شيء مهما كان",1
"لا يكلف الله نفسا إلا وسعها","التكليف يكون ضمن قدرة الإنسان",0
"لا يكلف الله نفسا إلا وسعها","كل إنسان يقدر يتجاوز أي ظرف مهما كان",1
"لا يكلف الله نفسا إلا وسعها","الله يراعي قدرة الإنسان",0
"لا يكلف الله نفسا إلا وسعها","القدرة غير مهمة في التكليف",1
"واعتصموا بحبل الله جميعا","الآية تدعو للوحدة وعدم التفرق",0
"واعتصموا بحبل الله جميعا","أي اختلاف بين الناس خطأ بالكامل",1
"واعتصموا بحبل الله جميعا","الاختلاف الطبيعي لا ينافي الوحدة",0
"واعتصموا بحبل الله جميعا","كل اختلاف مرفوض دائمًا",1
"واعتصموا بحبل الله جميعا","الدعوة للاجتماع وعدم التنازع",0
"واعتصموا بحبل الله جميعا","يجب إلغاء أي رأي مختلف",1
"إن الله يحب المحسنين","الإحسان سبب لمحبة الله",0
"إن الله يحب المحسنين","أي فعل يعتبر إحسان حتى لو كان خطأ",1
"إن الله يحب المحسنين","الإحسان مرتبط بالفعل الصحيح",0
"إن الله يحب المحسنين","يكفي النية حتى لو كان الفعل خاطئ",1
"إن الله يحب المحسنين","المحبة مرتبطة بالإحسان الحقيقي",0
"إن الله يحب المحسنين","كل شيء يمكن اعتباره إحسان",1
"ولا تزر وازرة وزر أخرى","كل إنسان يتحمل أفعاله فقط",0
"ولا تزر وازرة وزر أخرى","يمكن تحمل أخطاء الآخرين أحيانًا",1
"ولا تزر وازرة وزر أخرى","المسؤولية فردية",0
"ولا تزر وازرة وزر أخرى","المسؤولية تنتقل حسب الظروف",1
"ولا تزر وازرة وزر أخرى","لا يتحمل أحد ذنب غيره",0
"ولا تزر وازرة وزر أخرى","تحمل أخطاء الآخرين طبيعي",1
"إن مع العسر يسرا","بعد الصعوبة يأتي الفرج",0
"إن مع العسر يسرا","الصعوبة تستمر دائمًا",1
"إن مع العسر يسرا","اليسر يأتي مع العسر",0
"إن مع العسر يسرا","العسر دائم بلا حل",1
"إن مع العسر يسرا","هناك أمل بعد الصعوبة",0
"إن مع العسر يسرا","الصعوبات لا تنتهي",1
"وقل اعملوا فسيرى الله عملكم","الله يراقب الأعمال",0
"وقل اعملوا فسيرى الله عملكم","لا يوجد حساب حقيقي للأعمال",1
"وقل اعملوا فسيرى الله عملكم","الأعمال مرصودة",0
"وقل اعملوا فسيرى الله عملكم","يمكن فعل أي شيء بدون محاسبة",1
"وقل اعملوا فسيرى الله عملكم","هناك مسؤولية عن الأفعال",0
"وقل اعملوا فسيرى الله عملكم","المحاسبة غير مؤكدة",1
"وما ربك بظلام للعبيد","الله عادل",0
"وما ربك بظلام للعبيد","الظلم ممكن أحيانًا",1
"وما ربك بظلام للعبيد","لا يوجد ظلم من الله",0
"وما ربك بظلام للعبيد","العدل ليس دائم",1
"وما ربك بظلام للعبيد","الله لا يظلم أحدًا",0
"وما ربك بظلام للعبيد","الظلم مقبول أحيانًا",1
"وأقيموا الصلاة وآتوا الزكاة","أوامر بالعبادة",0
"وأقيموا الصلاة وآتوا الزكاة","هذه الأمور اختيارية",1
"وأقيموا الصلاة وآتوا الزكاة","الصلاة والزكاة واجبة",0
"وأقيموا الصلاة وآتوا الزكاة","يمكن تركها حسب الظروف",1
"وأقيموا الصلاة وآتوا الزكاة","العبادة أساسية",0
"وأقيموا الصلاة وآتوا الزكاة","ليست ضرورية دائمًا",1
"إن الله غفور رحيم","الله يغفر للتائب",0
"إن الله غفور رحيم","المغفرة بدون توبة",1
"إن الله غفور رحيم","المغفرة مرتبطة بالتوبة",0
"إن الله غفور رحيم","التوبة غير مهمة",1
"إن الله غفور رحيم","الله رحيم بعباده",0
"إن الله غفور رحيم","المغفرة للجميع بدون شرط",1
"ولا تقربوا الزنا","النهي عن الفعل ومقدماته",0
"ولا تقربوا الزنا","المقصود الفعل فقط",1
"ولا تقربوا الزنا","يشمل كل الطرق المؤدية",0
"ولا تقربوا الزنا","يمكن الاقتراب دون مشكلة",1
"ولا تقربوا الزنا","تحريم شامل",0
"ولا تقربوا الزنا","بعض الأمور مسموحة",1
"إن الله مع الصابرين","الله ينصر الصابرين",0
"إن الله مع الصابرين","الصبر بلا فائدة",1
"إن الله مع الصابرين","الصبر له أثر إيجابي",0
"إن الله مع الصابرين","الصبر مجرد انتظار",1
"إن الله مع الصابرين","الصبر سبب النجاح",0
"إن الله مع الصابرين","لا علاقة للصبر بالنتائج",1
"ولا تقتلوا النفس التي حرم الله","تحريم القتل",0
"ولا تقتلوا النفس التي حرم الله","القتل مبرر غالبًا",1
"ولا تقتلوا النفس التي حرم الله","الحياة مصونة",0
"ولا تقتلوا النفس التي حرم الله","حماية النفس غير مهمة",1
"ولا تقتلوا النفس التي حرم الله","القتل بغير حق محرم",0
"ولا تقتلوا النفس التي حرم الله","يمكن القتل حسب المصلحة",1
"إن الله عليم حكيم","الله حكيم عليم",0
"إن الله عليم حكيم","الحكمة غير واضحة دائمًا",1
"إن الله عليم حكيم","كل شيء بحكمة",0
"إن الله عليم حكيم","بعض الأمور بلا حكمة",1
"إن الله عليم حكيم","الله يعلم كل شيء",0
"إن الله عليم حكيم","العلم ليس كاملًا",1
"وَمَنْ أَحْيَاهَا فَكَأَنَّمَا أَحْيَا النَّاسَ جَمِيعًا","تفيد الآية أن إنقاذ شخص واحد يعفي الإنسان من باقي الواجبات تجاه الآخرين.",1
"إن كيدكن عظيم","الآية في سياق قصة يوسف ولا تعمم على جميع النساء",0
"إن كيدكن عظيم","هذا دليل أن كل النساء كيدهن عظيم بطبيعتهم دائمًا",1
"إن كيدكن عظيم","قد يظهر المكر في بعض المواقف عند بعض النساء",0
"إن كيدكن عظيم","النساء غالبًا يكون عندهم مكر في كل الحالات",1
"إن كيدكن عظيم","المقصود حالة معينة وليس حكم عام",0
"إن كيدكن عظيم","هذا يثبت أن النساء بطبيعتهم كذلك دائمًا",1
"لا يكلف الله نفسا إلا وسعها","الله لا يفرض على الإنسان ما لا يستطيع",0
"لا يكلف الله نفسا إلا وسعها","الإنسان يقدر يتحمل أي شيء مهما كان",1
"لا يكلف الله نفسا إلا وسعها","التكليف يكون ضمن قدرة الإنسان",0
"لا يكلف الله نفسا إلا وسعها","كل إنسان يقدر يتجاوز أي ظرف مهما كان",1
"لا يكلف الله نفسا إلا وسعها","الله يراعي قدرة الإنسان",0
"لا يكلف الله نفسا إلا وسعها","القدرة غير مهمة في التكليف",1
"واعتصموا بحبل الله جميعا","الآية تدعو للوحدة وعدم التفرق",0
"واعتصموا بحبل الله جميعا","أي اختلاف بين الناس خطأ بالكامل",1
"واعتصموا بحبل الله جميعا","الاختلاف الطبيعي لا ينافي الوحدة",0
"واعتصموا بحبل الله جميعا","كل اختلاف مرفوض دائمًا",1
"واعتصموا بحبل الله جميعا","الدعوة للاجتماع وعدم التنازع",0
"واعتصموا بحبل الله جميعا","يجب إلغاء أي رأي مختلف",1
"إن الله يحب المحسنين","الإحسان سبب لمحبة الله",0
"إن الله يحب المحسنين","أي فعل يعتبر إحسان حتى لو كان خطأ",1
"إن الله يحب المحسنين","الإحسان مرتبط بالفعل الصحيح",0
"إن الله يحب المحسنين","يكفي النية حتى لو كان الفعل خاطئ",1
"إن الله يحب المحسنين","المحبة مرتبطة بالإحسان الحقيقي",0
"إن الله يحب المحسنين","كل شيء يمكن اعتباره إحسان",1
"ولا تزر وازرة وزر أخرى","كل إنسان يتحمل أفعاله فقط",0
"ولا تزر وازرة وزر أخرى","يمكن تحمل أخطاء الآخرين أحيانًا",1
"ولا تزر وازرة وزر أخرى","المسؤولية فردية",0
"ولا تزر وازرة وزر أخرى","المسؤولية تنتقل حسب الظروف",1
"ولا تزر وازرة وزر أخرى","لا يتحمل أحد ذنب غيره",0
"ولا تزر وازرة وزر أخرى","تحمل أخطاء الآخرين طبيعي",1
"إن مع العسر يسرا","بعد الصعوبة يأتي الفرج",0
"إن مع العسر يسرا","الصعوبة تستمر دائمًا",1
"إن مع العسر يسرا","اليسر يأتي مع العسر",0
"إن مع العسر يسرا","العسر دائم بلا حل",1
"إن مع العسر يسرا","هناك أمل بعد الصعوبة",0
"إن مع العسر يسرا","الصعوبات لا تنتهي",1
"وقل اعملوا فسيرى الله عملكم","الله يراقب الأعمال",0
"وقل اعملوا فسيرى الله عملكم","لا يوجد حساب حقيقي للأعمال",1
"وقل اعملوا فسيرى الله عملكم","الأعمال مرصودة",0
"وقل اعملوا فسيرى الله عملكم","يمكن فعل أي شيء بدون محاسبة",1
"وقل اعملوا فسيرى الله عملكم","هناك مسؤولية عن الأفعال",0
"وقل اعملوا فسيرى الله عملكم","المحاسبة غير مؤكدة",1
"وما ربك بظلام للعبيد","الله عادل",0
"وما ربك بظلام للعبيد","الظلم ممكن أحيانًا",1
"وما ربك بظلام للعبيد","لا يوجد ظلم من الله",0
"وما ربك بظلام للعبيد","العدل ليس دائم",1
"وما ربك بظلام للعبيد","الله لا يظلم أحدًا",0
"وما ربك بظلام للعبيد","الظلم مقبول أحيانًا",1
"وأقيموا الصلاة وآتوا الزكاة","أوامر بالعبادة",0
"وأقيموا الصلاة وآتوا الزكاة","هذه الأمور اختيارية",1
"وأقيموا الصلاة وآتوا الزكاة","الصلاة والزكاة واجبة",0
"وأقيموا الصلاة وآتوا الزكاة","يمكن تركها حسب الظروف",1
"وأقيموا الصلاة وآتوا الزكاة","العبادة أساسية",0
"وأقيموا الصلاة وآتوا الزكاة","ليست ضرورية دائمًا",1
"إن الله غفور رحيم","الله يغفر للتائب",0
"إن الله غفور رحيم","المغفرة بدون توبة",1
"إن الله غفور رحيم","المغفرة مرتبطة بالتوبة",0
"إن الله غفور رحيم","التوبة غير مهمة",1
"إن الله غفور رحيم","الله رحيم بعباده",0
"إن الله غفور رحيم","المغفرة للجميع بدون شرط",1
"ولا تقربوا الزنا","النهي عن الفعل ومقدماته",0
"ولا تقربوا الزنا","المقصود الفعل فقط",1
"ولا تقربوا الزنا","يشمل كل الطرق المؤدية",0
"ولا تقربوا الزنا","يمكن الاقتراب دون مشكلة",1
"ولا تقربوا الزنا","تحريم شامل",0
"ولا تقربوا الزنا","بعض الأمور مسموحة",1
"إن الله مع الصابرين","الله ينصر الصابرين",0
"إن الله مع الصابرين","الصبر بلا فائدة",1
"إن الله مع الصابرين","الصبر له أثر إيجابي",0
"إن الله مع الصابرين","الصبر مجرد انتظار",1
"إن الله مع الصابرين","الصبر سبب النجاح",0
"إن الله مع الصابرين","لا علاقة للصبر بالنتائج",1
"ولا تقتلوا النفس التي حرم الله","تحريم القتل",0
"ولا تقتلوا النفس التي حرم الله","القتل مبرر غالبًا",1
"ولا تقتلوا النفس التي حرم الله","الحياة مصونة",0
"ولا تقتلوا النفس التي حرم الله","حماية النفس غير مهمة",1
"ولا تقتلوا النفس التي حرم الله","القتل بغير حق محرم",0
"ولا تقتلوا النفس التي حرم الله","يمكن القتل حسب المصلحة",1
"إن الله عليم حكيم","الله حكيم عليم",0
"إن الله عليم حكيم","الحكمة غير واضحة دائمًا",1
"إن الله عليم حكيم","كل شيء بحكمة",0
"إن الله عليم حكيم","بعض الأمور بلا حكمة",1
"إن الله عليم حكيم","الله يعلم كل شيء",0
"إن الله عليم حكيم","العلم ليس كاملًا",1
إن كيدكن عظيم,الآية وردت في سياق قصة يوسف ولا تعمم على جميع النساء,0
إن كيدكن عظيم,الآية تعني أن النساء غالبًا يكون عندهم مكر في مواقف كثيرة,1
إن كيدكن عظيم,قد يظهر المكر في بعض المواقف عند بعض النساء دون تعميم,0
إن كيدكن عظيم,هذا يدل أن طبيعة النساء فيها مكر دائم في أغلب الحالات,1
لا يكلف الله نفسا إلا وسعها,الله لا يفرض على الإنسان ما لا يستطيع,0
لا يكلف الله نفسا إلا وسعها,الإنسان يقدر يتحمل أي ظرف حتى لو كان فوق طاقته,1
لا يكلف الله نفسا إلا وسعها,التكليف يكون ضمن قدرة الإنسان وحدوده,0
لا يكلف الله نفسا إلا وسعها,غالبًا الإنسان يقدر يتجاوز كل الصعوبات مهما كانت,1
واعتصموا بحبل الله جميعا,الآية تدعو للوحدة وعدم التفرق,0
واعتصموا بحبل الله جميعا,أي اختلاف بين الناس يعتبر خطأ بالكامل,1
واعتصموا بحبل الله جميعا,الاختلاف الطبيعي لا ينافي الدعوة للوحدة,0
واعتصموا بحبل الله جميعا,كل أنواع الاختلاف مرفوضة بشكل مطلق,1
إن الله يحب المحسنين,الإحسان والعمل الصالح من أسباب محبة الله,0
إن الله يحب المحسنين,أي فعل ممكن يعتبر إحسان حتى لو كان خاطئ,1
إن الله يحب المحسنين,الإحسان مرتبط بالعمل الصحيح وليس الخطأ,0
إن الله يحب المحسنين,يكفي النية حتى لو كان الفعل غلط ليكون إحسان,1
ولا تزر وازرة وزر أخرى,كل إنسان يتحمل مسؤولية أفعاله فقط,0
ولا تزر وازرة وزر أخرى,أحيانًا الشخص يتحمل أخطاء غيره في بعض الحالات,1
ولا تزر وازرة وزر أخرى,المسؤولية فردية ولا تنتقل بين الأشخاص,0
ولا تزر وازرة وزر أخرى,المسؤولية ممكن تنتقل بين الناس حسب الظروف,1
إن مع العسر يسرا,بعد الصعوبة يأتي الفرج,0
إن مع العسر يسرا,الصعوبة تستمر غالبًا بدون نهاية واضحة,1
إن مع العسر يسرا,اليسر يأتي مع العسر وليس بعده فقط,0
إن مع العسر يسرا,العسر غالبًا يكون أطول من أي يسر لاحق,1
وقل اعملوا فسيرى الله عملكم,الله يراقب أعمال الإنسان ويحاسبه عليها,0
وقل اعملوا فسيرى الله عملكم,الإنسان حر يفعل ما يشاء بدون حساب حقيقي,1
وقل اعملوا فسيرى الله عملكم,الأعمال مرصودة وسيحاسب عليها الإنسان,0
وقل اعملوا فسيرى الله عملكم,المحاسبة غير مؤكدة وقد لا تحدث دائمًا,1
وما ربك بظلام للعبيد,الله عادل ولا يظلم أحدًا,0
وما ربك بظلام للعبيد,الظلم قد يحدث أحيانًا لكنه ليس دائمًا,1
وما ربك بظلام للعبيد,العدل صفة ثابتة لله,0
وما ربك بظلام للعبيد,العدل ليس مطلقًا في كل الحالات,1
وأقيموا الصلاة وآتوا الزكاة,الأوامر هنا للالتزام بالعبادة,0
وأقيموا الصلاة وآتوا الزكاة,هذه الأوامر اختيارية وليست ملزمة للجميع,1
وأقيموا الصلاة وآتوا الزكاة,الصلاة والزكاة من الفرائض الأساسية,0
وأقيموا الصلاة وآتوا الزكاة,يمكن ترك هذه الأمور حسب الظروف,1
إن الله غفور رحيم,الله يغفر لمن يتوب ويرجع إليه,0
إن الله غفور رحيم,المغفرة تشمل الجميع حتى بدون توبة,1
إن الله غفور رحيم,المغفرة مرتبطة بالتوبة والرجوع,0
إن الله غفور رحيم,التوبة ليست شرطًا للمغفرة,1
ولا تقربوا الزنا,النهي واضح عن الفعل وكل ما يؤدي إليه,0
ولا تقربوا الزنا,المقصود فقط الفعل نفسه وليس مقدماته,1
ولا تقربوا الزنا,يشمل النهي كل الطرق المؤدية للفعل,0
ولا تقربوا الزنا,يمكن الاقتراب دون الوقوع بالفعل,1
إن الله مع الصابرين,الله ينصر الصابرين ويعينهم,0
إن الله مع الصابرين,الصبر لا يغير النتيجة في الغالب,1
إن الله مع الصابرين,الصبر سبب للمعية والنصر,0
إن الله مع الصابرين,الصبر مجرد صفة بدون أثر حقيقي,1
ولا تقتلوا النفس التي حرم الله,تحريم القتل بغير حق,0
ولا تقتلوا النفس التي حرم الله,القتل قد يكون مبرر في أغلب الحالات,1
ولا تقتلوا النفس التي حرم الله,الحياة مصونة ولا يجوز الاعتداء عليها,0
ولا تقتلوا النفس التي حرم الله,حماية النفس ليست قاعدة ثابتة,1
إن الله عليم حكيم,الله يعلم كل شيء ويضع الأمور بحكمة,0
إن الله عليم حكيم,الحكمة قد لا تظهر في بعض القرارات,1
إن الله عليم حكيم,العلم والحكمة صفتان ثابتتان لله,0
إن الله عليم حكيم,بعض الأمور قد تكون بلا حكمة واضحة,1
ولا تبخسوا الناس أشياءهم,النهي عن الظلم في الحقوق,0
ولا تبخسوا الناس أشياءهم,يمكن التقليل من حقوق الآخرين أحيانًا,1
ولا تبخسوا الناس أشياءهم,الحقوق يجب أن تعطى كاملة,0
ولا تبخسوا الناس أشياءهم,التنازل عن حقوق الآخرين ممكن بدون مشكلة,1
وأوفوا بالعهد,الالتزام بالعهود واجب,0
وأوفوا بالعهد,العهود ممكن نقضها حسب الظروف,1
وأوفوا بالعهد,الوفاء أساس العلاقات,0
وأوفوا بالعهد,العهود ليست ملزمة دائمًا,1
ولا تمش في الأرض مرحا,النهي عن التكبر,0
ولا تمش في الأرض مرحا,الثقة الزائدة والتكبر مقبولان,1
ولا تمش في الأرض مرحا,التواضع مطلوب في السلوك,0
ولا تمش في الأرض مرحا,التكبر قد يكون ضروري أحيانًا,1
إن الله لا يحب الظالمين,الظلم سبب لعدم محبة الله,0
إن الله لا يحب الظالمين,الظلم قد يكون مقبول في بعض الحالات,1
إن الله لا يحب الظالمين,العدل مطلوب وتجنب الظلم واجب,0
إن الله لا يحب الظالمين,الظلم ليس دائمًا مرفوض,1
واصبر إن الله مع الصابرين,الصبر سبب للمعية الإلهية,0
واصبر إن الله مع الصابرين,الصبر لا فائدة منه غالبًا,1
واصبر إن الله مع الصابرين,الصبر له أثر إيجابي في النهاية,0
واصبر إن الله مع الصابرين,الصبر مجرد انتظار بلا نتيجة,1
إن الله يحب التوابين,الله يحب من يتوب,0
إن الله يحب التوابين,التوبة غير ضرورية للحصول على محبة الله,1
إن الله يحب التوابين,التوبة سبب للمحبة,0
إن الله يحب التوابين,المحبة لا علاقة لها بالتوبة,1
ولا تفسدوا في الأرض,النهي عن الفساد,0
ولا تفسدوا في الأرض,الفساد قد يكون مقبول لتحقيق مصلحة,1
ولا تفسدوا في الأرض,الإصلاح مطلوب في الأرض,0
ولا تفسدوا في الأرض,الفساد ليس دائمًا خطأ,1
إن الله يحب المحسنين,الله يحب المحسنين حتى لو عندهم تقصير أحيانًا,0
لا يكلف الله نفسا إلا وسعها,الله لا يحمّل الإنسان فوق طاقته مهما كانت الظروف,0
لا يكلف الله نفسا إلا وسعها,التكليف يكون بقدر قدرة الإنسان في كل حال,0
لا يكلف الله نفسا إلا وسعها,ما يُطلب من الإنسان يكون ضمن استطاعته دائمًا,0
لا يكلف الله نفسا إلا وسعها,الله يراعي حدود طاقة الإنسان في التكليف,0
لا يكلف الله نفسا إلا وسعها,لا يُطلب من الإنسان ما يعجز عنه أصلًا,0
ولا تزر وازرة وزر أخرى,لا يتحمل أحد ذنب غيره مهما كانت العلاقة,0
ولا تزر وازرة وزر أخرى,كل شخص مسؤول عن أفعاله فقط في جميع الحالات,0
ولا تزر وازرة وزر أخرى,المسؤولية فردية ولا تنتقل بين الناس,0
ولا تزر وازرة وزر أخرى,لا يُحاسب إنسان على خطأ شخص آخر أبدًا,0
ولا تزر وازرة وزر أخرى,الذنب لا يُنقل من شخص لآخر,0
إن الله يحب المحسنين,الله يحب من يحسن في عمله ويتقنه,0
إن الله يحب المحسنين,محبة الله تكون لأهل الإحسان والعمل الصالح,0
إن الله يحب المحسنين,الإحسان سبب لمحبة الله في كل وقت,0
إن الله يحب المحسنين,من يعمل الخير بإتقان ينال محبة الله,0
إن الله يحب المحسنين,الإحسان مرتبط بالفعل الصحيح والنية الطيبة,0
إن الله مع الصابرين,الله يعين الصابرين في الشدائد,0
إن الله مع الصابرين,الصبر سبب لنصرة الله ومساندته,0
إن الله مع الصابرين,من يصبر يجد معية الله وعونه,0
إن الله مع الصابرين,الصبر له أثر إيجابي في النتائج,0
إن الله مع الصابرين,الله يقف مع من يصبر في المواقف الصعبة,0
واعتصموا بحبل الله جميعا,الدعوة إلى التمسك بالدين والوحدة,0
واعتصموا بحبل الله جميعا,الآية تحث على الاجتماع وعدم التفرق,0
واعتصموا بحبل الله جميعا,الوحدة مطلوبة مع الحفاظ على التماسك,0
واعتصموا بحبل الله جميعا,التمسك بالدين سبب للوحدة بين الناس,0
واعتصموا بحبل الله جميعا,النهي عن التفرق والدعوة للاجتماع,0
ولا تقربوا الزنا,النهي يشمل الفعل وكل ما يؤدي إليه,0
ولا تقربوا الزنا,تحريم الزنا ومقدماته واضح,0
ولا تقربوا الزنا,يجب الابتعاد عن الأسباب المؤدية للفعل,0
ولا تقربوا الزنا,الآية تمنع الاقتراب من هذا الفعل بأي شكل,0
ولا تقربوا الزنا,التحريم يشمل الطرق والوسائل المؤدية,0
ولا تقتلوا النفس التي حرم الله,تحريم قتل النفس بغير حق,0
ولا تقتلوا النفس التي حرم الله,الحياة مصونة ولا يجوز الاعتداء عليها,0
ولا تقتلوا النفس التي حرم الله,قتل النفس محرم إلا بحق شرعي,0
ولا تقتلوا النفس التي حرم الله,الآية تؤكد حرمة الدماء,0
ولا تقتلوا النفس التي حرم الله,لا يجوز إزهاق روح إنسان بغير حق,0
وما ربك بظلام للعبيد,الله عادل ولا يظلم أحدًا,0
وما ربك بظلام للعبيد,العدل صفة ثابتة لله في كل حال,0
وما ربك بظلام للعبيد,لا يقع ظلم من الله على عباده,0
وما ربك بظلام للعبيد,الله يعطي كل ذي حق حقه,0
وما ربك بظلام للعبيد,الآية تؤكد كمال عدل الله,0
إن مع العسر يسرا,مع الصعوبة يأتي التيسير,0
إن مع العسر يسرا,الفرج يصاحب الشدة,0
إن مع العسر يسرا,بعد الضيق يوجد مخرج,0
إن مع العسر يسرا,اليسر مرتبط بالعسر وليس منفصلًا عنه,0
إن مع العسر يسرا,هناك أمل مع كل صعوبة,0
لا يكلف الله نفسا إلا وسعها,الإنسان لازم يتحمل كل شيء حتى لو مستحيل,1
لا يكلف الله نفسا إلا وسعها,الله يكلف الإنسان بما يتجاوز قدرته أحيانًا,1
لا يكلف الله نفسا إلا وسعها,القدرة ما لها علاقة بالتكليف,1
لا يكلف الله نفسا إلا وسعها,كل إنسان مجبور يتحمل أي شيء مهما كان,1
لا يكلف الله نفسا إلا وسعها,الإنسان يقدر يتحمل فوق طاقته دائمًا,1
ولا تزر وازرة وزر أخرى,الشخص أحيانًا يتحمل أخطاء غيره,1
ولا تزر وازرة وزر أخرى,ممكن إنسان يُحاسب على ذنب غيره,1
ولا تزر وازرة وزر أخرى,المسؤولية تنتقل بين الناس حسب الظروف,1
ولا تزر وازرة وزر أخرى,الذنب ممكن يتحمله شخص ثاني,1
ولا تزر وازرة وزر أخرى,العلاقة بين الناس تخليهم يتحملون أخطاء بعض,1
إن الله يحب المحسنين,الله يحب أي شخص حتى لو أفعاله سيئة,1
إن الله يحب المحسنين,كل إنسان محبوب عند الله مهما كان فعله,1
إن الله يحب المحسنين,الإحسان مو شرط يكون صحيح,1
إن الله يحب المحسنين,أي فعل يعتبر إحسان حتى لو كان خطأ,1
إن الله يحب المحسنين,النية تكفي حتى لو العمل غلط,1
إن الله مع الصابرين,الصبر ما له تأثير فعلي,1
إن الله مع الصابرين,الصبر مجرد انتظار بدون نتيجة,1
إن الله مع الصابرين,الصبر ما يغير شيء في الواقع,1
إن الله مع الصابرين,النتائج ما لها علاقة بالصبر,1
إن الله مع الصابرين,الصبر ما له فائدة حقيقية,1
واعتصموا بحبل الله جميعا,أي اختلاف يعتبر خطأ بالكامل,1
واعتصموا بحبل الله جميعا,لازم الناس يكونون نفس الرأي دائمًا,1
واعتصموا بحبل الله جميعا,الوحدة تعني منع أي اختلاف,1
واعتصموا بحبل الله جميعا,كل رأي مختلف خطأ,1
واعتصموا بحبل الله جميعا,يجب إلغاء أي رأي مخالف,1
ولا تقربوا الزنا,المقصود الفعل فقط وليس مقدماته,1
ولا تقربوا الزنا,ممكن الاقتراب بدون مشكلة,1
ولا تقربوا الزنا,الأسباب ما تدخل في التحريم,1
ولا تقربوا الزنا,بعض الطرق المؤدية للفعل عادية,1
ولا تقربوا الزنا,التحريم فقط للفعل النهائي,1
ولا تقتلوا النفس التي حرم الله,القتل ممكن يكون مبرر غالبًا,1
ولا تقتلوا النفس التي حرم الله,حياة الإنسان مو دائمًا مهمة,1
ولا تقتلوا النفس التي حرم الله,ممكن القتل حسب المصلحة,1
ولا تقتلوا النفس التي حرم الله,حماية النفس مو قاعدة ثابتة,1
ولا تقتلوا النفس التي حرم الله,القتل أحيانًا مقبول,1
وما ربك بظلام للعبيد,الظلم ممكن يحصل أحيانًا,1
وما ربك بظلام للعبيد,الله قد يظلم في بعض الحالات,1
وما ربك بظلام للعبيد,العدل مو دائم,1
وما ربك بظلام للعبيد,فيه احتمال للظلم,1
وما ربك بظلام للعبيد,العدل ليس مطلق,1
إن مع العسر يسرا,الصعوبة تستمر دائمًا بدون حل,1
إن مع العسر يسرا,ما فيه فرج بعد الشدة,1
إن مع العسر يسرا,العسر ما يجي معه يسر,1
إن مع العسر يسرا,الصعوبات ما تنتهي,1
إن مع العسر يسرا,ما فيه أمل مع الشدة,1
قل اعملوا فسيرى الله عملكم,الإنسان يُشجَّع على العمل لأن نتائجه بتظهر للناس,1
قل اعملوا فسيرى الله عملكم,الأعمال تُلاحظ ويُحاسب الإنسان عليها,0
إن الله لا يحب الظالمين,الظلم أحيانًا يكون له دوافع مفهومة,1
إن الله لا يحب الظالمين,الظلم سبب لعدم القبول عند الله,0
ولا تبخسوا الناس أشياءهم,التقليل من حقوق الآخرين قد يحدث في بعض المعاملات,1
ولا تبخسوا الناس أشياءهم,يجب إعطاء كل شخص حقه كاملًا,0
إن الله عليم حكيم,الأحداث قد تبدو غير واضحة الحكمة أحيانًا للإنسان,1
إن الله عليم حكيم,الله يعلم كل شيء ويضع الأمور بحكمة,0
وأقيموا الصلاة وآتوا الزكاة,هذه الأوامر تمثل جانبًا مهمًا من الالتزام الديني,0
وأقيموا الصلاة وآتوا الزكاة,يمكن تأجيل هذه الأمور حسب ظروف الحياة,1
إن الله يحب التوابين,التوبة تعكس رجوع الإنسان وتصحيح مساره,0
إن الله يحب التوابين,الإنسان ممكن يُقبل حتى بدون تغيير فعلي,1
ولا تفسدوا في الأرض,الإصلاح هو الأصل في التعامل مع الأرض,0
ولا تفسدوا في الأرض,بعض التصرفات قد تُعتبر مفسدة لكنها تخدم هدفًا أكبر,1
إن الله سريع الحساب,الحساب يتم بدقة وسرعة,0
إن الله سريع الحساب,النتائج قد تتأخر أو لا تظهر بشكل واضح,1
إن الله على كل شيء قدير,قدرة الله شاملة لكل الأمور,0
إن الله على كل شيء قدير,بعض الأمور تبدو خارجة عن السيطرة,1
ولا تقولوا لما تصف ألسنتكم الكذب,يجب تجنب نقل معلومات غير صحيحة,0
ولا تقولوا لما تصف ألسنتكم الكذب,أحيانًا يتم نقل معلومات بدون تحقق كامل,1
وأمر بالمعروف وانه عن المنكر,تشجيع الخير وتقليل الخطأ مطلوب,0
وأمر بالمعروف وانه عن المنكر,كل شخص يحدد لنفسه ما يراه مناسبًا,1
ولا تجسسوا,احترام خصوصية الآخرين مهم,0
ولا تجسسوا,محاولة معرفة الأمور قد تكون بدافع الاهتمام فقط,1
ولا يغتب بعضكم بعضا,ذكر الناس بسوء مرفوض,0
ولا يغتب بعضكم بعضا,الحديث عن الآخرين قد يكون من باب النقاش,1
إن أكرمكم عند الله أتقاكم,القيمة الحقيقية مرتبطة بالتقوى,0
إن أكرمكم عند الله أتقاكم,مكانة الشخص تُقاس غالبًا بمكانته الاجتماعية,1
ولا تسرفوا,الاعتدال في الإنفاق مطلوب,0
ولا تسرفوا,الإنفاق الزائد يعكس القدرة المالية,1
إن الله مع المتقين,التقوى سبب للقرب من الله,0
إن الله مع المتقين,النتائج لا ترتبط دائمًا بسلوك الإنسان,1
ولا تقتلوا أولادكم خشية إملاق,الحياة يجب الحفاظ عليها مهما كانت الظروف,0
ولا تقتلوا أولادكم خشية إملاق,الضغوط قد تدفع لاتخاذ قرارات صعبة,1
وقل رب زدني علما,طلب العلم أمر مستمر,0
وقل رب زدني علما,الوصول لمستوى معين من العلم قد يكون كافيًا,1
ولا تقف ما ليس لك به علم,يجب التأكد قبل الحكم أو الكلام,0
ولا تقف ما ليس لك به علم,الناس أحيانًا تتحدث بناءً على انطباعات,1
واصبر على ما أصابك,الصبر يساعد على تجاوز الصعوبات,0
واصبر على ما أصابك,التعامل مع المشاكل يعتمد على رد الفعل السريع,1
ولا تصعر خدك للناس,التواضع مطلوب في التعامل,0
ولا تصعر خدك للناس,إظهار الثقة قد يُفهم على أنه تميز عن الآخرين,1
وأحسن كما أحسن الله إليك,الإحسان للآخرين يعكس القيم,0
وأحسن كما أحسن الله إليك,التعامل بالمثل قد يكون كافيًا,1
ولا تبذر تبذيرا,تنظيم الإنفاق مهم,0
ولا تبذر تبذيرا,الصرف بحرية يعبر عن الاستمتاع بالحياة,1
ولا تنازعوا فتفشلوا,الخلاف قد يضعف القوة الجماعية,0
ولا تنازعوا فتفشلوا,الاختلاف قد يخلق حلول أفضل أحيانًا,1
إن الله يحب المقسطين,العدل سبب للمحبة الإلهية,0
إن الله يحب المقسطين,العدل قد يختلف حسب المصلحة,1
ولا تمش في الأرض مرحا,التواضع في السلوك مطلوب,0
ولا تمش في الأرض مرحا,إظهار التميز قد يكون ضروري لإثبات الذات,1
واذكر ربك كثيرا,ذكر الله يعزز الارتباط الروحي,0
واذكر ربك كثيرا,الانشغال بالحياة قد يكون أولى من الإكثار من الذكر,1
وأطيعوا الله ورسوله,الطاعة أساس الاستقامة,0
وأطيعوا الله ورسوله,الإنسان قد يختار ما يناسبه من التوجيهات,1
إن الله غفور رحيم,المغفرة مرتبطة بالرجوع إلى الله,0
إن الله غفور رحيم,الرحمة قد تشمل الجميع بغض النظر عن السلوك,1
ولا تقربوا مال اليتيم,حماية حقوق الضعفاء واجبة,0
ولا تقربوا مال اليتيم,التصرف في المال قد يكون بدافع الإدارة فقط,1
إن الله لا يضيع أجر من أحسن عملا,العمل الجيد له جزاء,0
إن الله لا يضيع أجر من أحسن عملا,بعض الجهود قد لا تظهر نتائجها,1
ولا تمش في الأرض مفسدا,الإصلاح هو الأساس في التعامل,0
ولا تمش في الأرض مفسدا,التغيير قد يتطلب خطوات غير تقليدية,1
وأوفوا الكيل والميزان,العدل في المعاملات ضروري,0
وأوفوا الكيل والميزان,بعض الاختلافات البسيطة في القياس طبيعية,1
إن الله لا يحب المعتدين,التعدي مرفوض,0
إن الله لا يحب المعتدين,الدفاع قد يتجاوز الحدود أحيانًا,1
وقولوا للناس حسنا,الكلام الطيب مطلوب,0
وقولوا للناس حسنا,الصراحة قد تكون قاسية أحيانًا,1
إن الله مع الذين اتقوا,التقوى سبب للمعية,0
إن الله مع الذين اتقوا,النتائج لا ترتبط دائمًا بالسلوك,1
ولا تقف ما ليس لك به علم,التأكد قبل الحكم ضروري,0
ولا تقف ما ليس لك به علم,الخبرة الشخصية قد تكفي أحيانًا,1
وأحسنوا إن الله يحب المحسنين,الإحسان قيمة أساسية,0
وأحسنوا إن الله يحب المحسنين,التعامل بالمقابل فقط قد يكون كافيًا,1
ولا تجعل يدك مغلولة,الاعتدال في الإنفاق مطلوب,0
ولا تجعل يدك مغلولة,الادخار الشديد قد يكون أفضل دائمًا,1
إن الله سميع بصير,الله مطلع على كل شيء,0
إن الله سميع بصير,بعض الأمور قد لا تكون ظاهرة,1
ولا تسرفوا إنه لا يحب المسرفين,الإسراف مرفوض,0
ولا تسرفوا إنه لا يحب المسرفين,الإنفاق الزائد قد يعبر عن الكرم,1
وأقيموا الوزن بالقسط,العدل في القياس مهم,0
وأقيموا الوزن بالقسط,الدقة المطلقة قد لا تكون ضرورية,1
إن الله لا يغير ما بقوم,التغيير يبدأ من النفس,0
إن الله لا يغير ما بقوم,الظروف الخارجية هي العامل الأساسي,1
واصبر إن وعد الله حق,الصبر مع الثقة بالنتيجة,0
واصبر إن وعد الله حق,النتائج تعتمد على الظروف فقط,1
ولا تبخسوا الناس أشياءهم,إعطاء الحقوق واجب,0
ولا تبخسوا الناس أشياءهم,التنازل في الحقوق قد يكون مقبول,1
إن الله لا يحب كل مختال فخور,التكبر مرفوض,0
إن الله لا يحب كل مختال فخور,إظهار الإنجاز قد يتحول لفخر,1
وقل اعملوا فسيرى الله عملكم,الأعمال مرصودة,0
وقل اعملوا فسيرى الله عملكم,الأثر الحقيقي يعتمد على تقييم الناس,1
ولا تفسدوا في الأرض بعد إصلاحها,الحفاظ على النظام مطلوب,0
ولا تفسدوا في الأرض بعد إصلاحها,التغيير قد يعيد تشكيل الواقع,1
إن الله لا يظلم مثقال ذرة,العدل دقيق جدًا,0
إن الله لا يظلم مثقال ذرة,بعض التفاصيل قد لا تؤثر,1
ولا تمش في الأرض مرحا,الإنسان يُطلب منه الاعتدال في سلوكه وعدم المبالغة في إظهار نفسه,0
ولا تمش في الأرض مرحا,إبراز الشخصية القوية قد يظهر بشكل لافت أحيانًا,1
إن الله لا يحب الفساد,الفساد مرفوض في جميع صوره,0
إن الله لا يحب الفساد,بعض التصرفات قد تبدو فوضوية لكنها تحقق نتائج,1
وأمر أهلك بالصلاة,الاهتمام بتوجيه الأسرة للعبادة مهم,0
وأمر أهلك بالصلاة,كل فرد مسؤول عن نفسه بدون تدخل,1
ولا تجادلوا أهل الكتاب,الحوار يجب أن يكون بأسلوب حسن,0
ولا تجادلوا أهل الكتاب,الاختلاف قد يتطلب أسلوبًا حادًا أحيانًا,1
إن الله لطيف بعباده,الله يتعامل برحمة ولطف مع عباده,0
إن الله لطيف بعباده,بعض الأمور تحدث بشكل صعب الفهم,1
ولا تسألوا عن أشياء,التدخل الزائد قد يسبب تعقيد الأمور,0
ولا تسألوا عن أشياء,السؤال الدائم قد يكشف تفاصيل مهمة,1
إن الله يعلم ما في القلوب,الله يعلم نوايا الإنسان,0
إن الله يعلم ما في القلوب,الظاهر هو ما يحدد الحكم غالبًا,1
وأقيموا الصلاة,الالتزام بالصلاة أساسي,0
وأقيموا الصلاة,الانشغال قد يؤثر على الالتزام أحيانًا,1
إن الله يحب الصابرين,الصبر له قيمة عالية,0
إن الله يحب الصابرين,التصرف السريع قد يكون أنسب من الصبر,1
ولا تقربوا الفواحش,يجب الابتعاد عن كل ما يؤدي للخطأ,0
ولا تقربوا الفواحش,بعض التصرفات قد لا تؤدي مباشرة لنتيجة,1
إن الله لا يضيع أجر المؤمنين,الأعمال الصالحة لها أثر,0
إن الله لا يضيع أجر المؤمنين,بعض الجهود لا تُقدَّر بشكل واضح,1
وقل لعبادي يقولوا التي هي أحسن,اختيار الكلام الحسن مهم,0
وقل لعبادي يقولوا التي هي أحسن,التعبير المباشر قد يكون أفضل أحيانًا,1
ولا تطع من أغفلنا قلبه,يجب الحذر من التأثيرات السلبية,0
ولا تطع من أغفلنا قلبه,كل شخص يحدد طريقه بنفسه,1
إن الله شديد العقاب,العقاب له جانب من العدل,0
إن الله شديد العقاب,النتائج قد تختلف حسب الظروف,1
ولا تقتلوا أنفسكم,الحفاظ على النفس مهم,0
ولا تقتلوا أنفسكم,الضغوط قد تؤثر على قرارات الإنسان,1
إن الله لا يحب كل كفار أثيم,السلوك الخاطئ يؤثر على القبول,0
إن الله لا يحب كل كفار أثيم,التقييم قد يختلف حسب النية,1
وأحسنوا إن الله يحب المحسنين,الإحسان سلوك مطلوب,0
وأحسنوا إن الله يحب المحسنين,التعامل بالمثل يكفي في بعض الأحيان,1
ولا تقربوا مال اليتيم إلا بالتي هي أحسن,يجب التعامل بحذر وعدل مع أموال الضعفاء,0
ولا تقربوا مال اليتيم إلا بالتي هي أحسن,الإدارة قد تشمل قرارات خاصة,1
إن الله واسع عليم,علم الله شامل,0
إن الله واسع عليم,بعض الأمور تبقى غير واضحة,1
ولا تبذر تبذيرا,تنظيم الإنفاق مهم,0
ولا تبذر تبذيرا,الصرف بحرية يعكس أسلوب الحياة,1
وأطيعوا الله ورسوله,الطاعة أساس التنظيم,0
وأطيعوا الله ورسوله,الاختيار الشخصي له دور أكبر,1
إن الله لا يحب المسرفين,الإسراف مرفوض,0
إن الله لا يحب المسرفين,الإنفاق الكبير قد يكون طبيعيًا لبعض الناس,1
ولا تجسسوا,احترام الخصوصية ضروري,0
ولا تجسسوا,الفضول قد يقود لمعرفة مفيدة,1
إن الله عليم بذات الصدور,الله يعلم ما في داخل الإنسان,0
إن الله عليم بذات الصدور,الأفعال الظاهرة هي الأهم,1
ولا تقتلوا النفس التي حرم الله,الحياة لها قيمة عالية,0
ولا تقتلوا النفس التي حرم الله,الظروف قد تبرر بعض الأفعال,1
وقل رب زدني علما,طلب المعرفة مستمر,0
وقل رب زدني علما,الوصول لمستوى معين قد يكون كافي,1
ولا تمش في الأرض مفسدا,الإصلاح مطلوب,0
ولا تمش في الأرض مفسدا,التغيير قد يسبب نتائج غير متوقعة,1
إن الله لا يحب المعتدين,التجاوز مرفوض,0
إن الله لا يحب المعتدين,رد الفعل قد يتجاوز الحد أحيانًا,1
واصبر على ما أصابك,الصبر يعزز الثبات,0
واصبر على ما أصابك,التحرك السريع قد يكون أفضل,1
إن الله لا يغير ما بقوم,التغيير يبدأ من الداخل,0
إن الله لا يغير ما بقوم,العوامل الخارجية هي الأهم,1
ولا تبخسوا الناس أشياءهم,إعطاء الحقوق واجب,0
ولا تبخسوا الناس أشياءهم,التنازل قد يحدث في بعض الحالات,1
إن الله لا يحب كل مختال فخور,التواضع مطلوب,0
إن الله لا يحب كل مختال فخور,إظهار النجاح قد يُفهم بشكل مختلف,1
وقل اعملوا فسيرى الله عملكم,الأعمال لها أثر واضح,0
وقل اعملوا فسيرى الله عملكم,تقييم العمل يعتمد على الناس,1
إن الله مع الصابرين,الصبر مرتبط بالدعم,0
إن الله مع الصابرين,النتائج تعتمد على الظروف فقط,1
ولا تقف ما ليس لك به علم,التأكد مهم قبل الحكم,0
ولا تقف ما ليس لك به علم,الخبرة قد تكفي أحيانًا,1
إن الله لا يظلم الناس شيئا,العدل مطلق,0
إن الله لا يظلم الناس شيئا,بعض التفاصيل قد لا تُلاحظ,1